BVGM#,Label,Game Title,Piece Title,Composer(s),Platform,Year of release,YouTube URL
1,VGM #0001,Pokémon Gold / Silver,Title Screen,Junichi Masuda,Game Boy Color,1999,https://www.youtube.com/watch?v=gjcujhd1ujg
2,VGM #0002,Super Mario Galaxy 2,Sky Station Galaxy,"Mahito Yokota, performed by the Mario Galaxy Orchestra",Wii,2010,https://www.youtube.com/watch?v=xD0tEHiDsdY
3,VGM #0003,Cave Story,On to Grasstown,"Daisuke Amaya ""Pixel""",PC,2004,https://www.youtube.com/watch?v=61oWP1A38N0
4,VGM #0004,Super Smash Bros. Melee,Fountain of Dreams,Jun Ishikawa,GameCube,2001,https://www.youtube.com/watch?v=3RhruudG1uA
5,VGM #0005,HearthStone,Better Hand,Peter McConnell,PC,2014,https://www.youtube.com/watch?v=uCDObG02bFA
6,VGM #0006,Minit,Sharp Business,Jukio Kallio,PC,2018,https://www.youtube.com/watch?v=QMxzcfHyaF0
7,VGM #0007,Professor Layton and the Curious Village,Walking in the Village,Tomohito Nishiura,Nintendo DS,2007,https://www.youtube.com/watch?v=rarT6kdwkR8
8,VGM #0008,TrackMania² Stadium,Tachmania,Professor Kliq,PC,2013,https://www.youtube.com/watch?v=34rVZtSPHQE
9,VGM #0009,The Legend of Zelda: Breath of the Wild,Riding (Night),Manaka Kataoka,"Wii U, Switch",2017,https://www.youtube.com/watch?v=5Ub5Ivktbnc
10,VGM #0010,NieR: Automata,A Beautiful Song,Keigo Hoashi,"PC, PS4",2017,https://www.youtube.com/watch?v=zLMJisWB4vE
11,VGM #0011,Hollow Knight,Hornet,Christopher Larkin,PC,2017,https://www.youtube.com/watch?v=dtz56-o1srA
12,VGM #0012,Animal Crossing: Wild World,2:00 AM,Kazumi Totaka,Nintendo DS,2005,https://www.youtube.com/watch?v=SYOGdN_0Fa4
13,VGM #0013,Nuclear Throne,Nuclear Throne,Jukio Kallio,PC,2015,https://www.youtube.com/watch?v=vdrCRcafM-Q
14,VGM #0014,Phoenix Wright: Ace Attorney,Trial,Masakazu Sugimori,GBA,2001,https://www.youtube.com/watch?v=Camk0AygqBE
15,VGM #0015,Super Smash Bros. Ultimate,Halland / Dalarna,"Johan Johnson, and ""Dalarna"", composed by Peter Hont, from Minecraft Dungeons",Switch,2020,https://www.youtube.com/watch?v=6loh4qOiOMk
16,VGM #0016,Yoshi's Woolly World,Spooky Scraps! Don't Get Spooked!,Tomoya Tomita and Misaki Asada,Wii U,2015,https://www.youtube.com/watch?v=RGbCJ8it9sk
17,VGM #0017,Overcooked! 2,The Unbread,Oli Wood,PC,2018,https://www.youtube.com/watch?v=TSGvYYJaukI
18,VGM #0018,Mario Kart: Super Circuit,Boo Lake,Kenichi Nishimaki,GBA,2001,https://www.youtube.com/watch?v=FlppBAJM3-A
19,VGM #0019,League of Legends,"Poppy, Keeper of the Hammer",Riot Games Music Team,PC,2015,https://www.youtube.com/watch?v=bMdFwCZlTtc
20,VGM #0020,Street Fighter II Turbo (SNES),Guile's Theme,Yoko Shimomura,SNES,1993,https://www.youtube.com/watch?v=txF9JNDNJ7Y
21,VGM #0021,Dragon Quest IX,Come To Our Town,Koichi Sugiyama,DS,2009,https://www.youtube.com/watch?v=mU8K5HjsfWo
22,VGM #0022,Human Resource Machine,You Will Be Evaluated,Kyle Gabler,PC,2015,https://www.youtube.com/watch?v=dwPEcUU22Sk
23,VGM #0023,Pokémon X / Y,Lysandre Battle,Minako Adachi,3DS,2013,https://www.youtube.com/watch?v=uwIs6EeCnZ4
24,VGM #0024,Crypt of the NecroDancer,March of the Profane (3-2 Hot),Danny Baranowsky,PC,2015,https://www.youtube.com/watch?v=XcMyTu8t4gI
25,VGM #0025,Sonic Adventure,Dilapidated Way,Jun Senoue,Dreamcast,1998,https://www.youtube.com/watch?v=7hPBKl4vcl0
26,VGM #0026,FTL,Cosmos (Battle),Ben Prunty,PC,2012,https://www.youtube.com/watch?v=3hhFYIpOB_4
27,VGM #0027,Kid Icarus: Uprising,Aurum Island,Yuzo Koshiro,3DS,2012,https://www.youtube.com/watch?v=AliiQjGKtP4
28,VGM #0028,Lovers in a Dangerous Spacetime,Crystal C,Ryan Henwood,PC,2015,https://www.youtube.com/watch?v=1SoHou-x8OY
29,VGM #0029,Super Mario Land 2,The Moon,Kazumi Totaka,Game Boy,1992,https://www.youtube.com/watch?v=oJCoPe1CIxM
30,VGM #0030,Shovel Knight: Specter of Torment,Hidden by Night (Lich Yard),Jake Kaufman,"Switch, PC, 3DS, PS4, Xbox One",2017,https://www.youtube.com/watch?v=rn6e2osp27c
31,VGM #0031,World of Warcraft: Legion,A World Divided,Neal Acree and Sam Cardon,PC,2016,https://www.youtube.com/watch?v=39GLKTA-Ijk
32,VGM #0032,Fire Emblem: Radiant Dawn,Eternal Bond,Yoshito Hirano,Wii,2007,https://www.youtube.com/watch?v=zAf65oOtCjE
33,VGM #0033,CrossCode,Temple of the Valley,Deniz Akbulut,"PC, Switch, PS4, Xbox One",2018,https://www.youtube.com/watch?v=XHtEsBDBcwE
34,VGM #0034,Super Mario Galaxy,Purple Comet,Mahito Yokota,Wii,2007,https://www.youtube.com/watch?v=vd7WlDaR1-8
35,VGM #0035,Dicey Dungeons,Step Right Up,Chipzel,PC,2019,https://www.youtube.com/watch?v=Z2oWGgzgJaE
36,VGM #0036,Pyre,Dirty Deal,Darren Korb,PC,2017,https://www.youtube.com/watch?v=9F8wSU5PvJw
37,VGM #0037,Bayonetta 2,Tomorrow Is Mine,Hiroshi Yamaguchi,Wii U,2014,https://www.youtube.com/watch?v=XIHoqquozzY
38,VGM #0038,Undertale,Heartache,Toby Fox,PC,2015,https://www.youtube.com/watch?v=co9lNrFuEws
39,VGM #0039,Ōkami,Oki's Theme,Hiroshi Yamaguchi,"PS2, Wii",2006,https://www.youtube.com/watch?v=38AbaudAIuc
40,VGM #0040,The Elder Scrolls V: Skyrim,Ancient Stones,Jeremy Soule,"PC, Xbox 360, PS3",2011,https://www.youtube.com/watch?v=s714QBPpJT8
41,VGM #0041,Super Smash Bros. Brawl,Snowman,Keiichi Suzuki and Hirokazu Tanaka,Wii,2008,https://www.youtube.com/watch?v=gXALdfDiJOw
42,VGM #0042,Borderlands 2,Ice,Jesper Kyd,"PC, PS3, Xbox 360",2012,https://www.youtube.com/watch?v=ST2P3YunWd0
43,VGM #0043,"Cook, Serve, Delicious! 2!!",Pocket Full of Spice,Jonathan Geer,PC,2017,https://www.youtube.com/watch?v=e_CL0yuTUWo
44,VGM #0044,Ultimate Chicken Horse,Dance Party,Vibe Avenue,PC,2016,https://www.youtube.com/watch?v=TIQJHeqyKsM
45,VGM #0045,Pokémon HeartGold / SoulSilver,Game Corner,"Go Ichinose, arranged by Shota Kageyama",DS,2009,https://www.youtube.com/watch?v=4GMBxQojIOw
46,VGM #0046,Captain Toad: Treasure Tracker,Razzle-Dazzle Slider,Mahito Yokota,Wii U,2014,https://www.youtube.com/watch?v=jzTcHo_ZHCk
47,VGM #0047,Golden Sun,Forest's Requiem,Motoi Sakuraba,GBA,2001,https://www.youtube.com/watch?v=YK528__p99Q
48,VGM #0048,Beyond Good & Evil,Redemption,Christophe Héral,"PS2, GameCube, Xbox, PC",2003,https://www.youtube.com/watch?v=bKW6b11S3y4
49,VGM #0049,Skies of Arcadia,Credits,Yutaka Minobe,"Dreamcast, GameCube",2000,https://www.youtube.com/watch?v=5kb-Lk7Jkdw
50,VGM #0050,Furi,Make this Right,The Toxic Avenger,"PC, PS4, Xbox One",2016,https://www.youtube.com/watch?v=TJeBOaIuRXM
51,VGM #0051,ARMS,Grand Prix (Ribbon Girl Ver.),Atsuko Asahi and Yasuaki Iwata,Switch,2017,https://www.youtube.com/watch?v=R3U2SyA6PL0
52,VGM #0052,Pocky & Rocky 2,Skills put to the test,"Yasumasa Yamada, Jun Ishikawa and Hirokazu Ando",SNES,1994,https://www.youtube.com/watch?v=I27ZZwNmaZI
53,VGM #0053,Guacamelee! 2,La Tragedia De Salvador,,"PC, PS4, Switch, Xbox One",2018,https://www.youtube.com/watch?v=xt9lx5h87WA
54,VGM #0054,Monster Hunter Tri,Tremble of the Sea and Land ~ Lagiacrus,Yuko Komiyama,Wii,2009,https://www.youtube.com/watch?v=BY1jU51mcm4
55,VGM #0055,Full Metal Furies,Charon,Gordon McGladdery (A Shell in the Pit),"PC, Switch",2018,https://www.youtube.com/watch?v=Tf-5u5ce7_k
56,VGM #0056,Pokémon Mystery Dungeon: Explorers of Sky,Temporal Tower,Arata Iiyoshi,DS,2007,https://www.youtube.com/watch?v=HXedZ-rrLhU
57,VGM #0057,Picross 3D,Challenge,"Yasumasa Yamada, Jun Ishikawa and Hirokazu Ando",DS,2009,https://www.youtube.com/watch?v=yZfzjgJGjIo
58,VGM #0058,Mario Kart 8,Shy Guy Falls,"Shiho Fujii, performed by the Mario Kart Band","Wii U, Switch",2014,https://www.youtube.com/watch?v=TglsZuKO3nU
59,VGM #0059,Chroma Squad,Dance to the Beating,Raphael Müller and Washington Rayk,PC,2015,https://www.youtube.com/watch?v=BYSAz-28M50
60,VGM #0060,Super Smash Bros. for 3DS / Wii U,Final Destination Ver. 2,Junichi Nakatsuru,3DS / Wii U,2014,https://www.youtube.com/watch?v=oSHz2XgzcAA
61,VGM #0061,Heroes of the Storm,The Battle Begins,Glenn Stafford,PC,2015,https://www.youtube.com/watch?v=uXW0Ez2q_O8
62,VGM #0062,Mages of Mystralia,The Rise,Antoine Vachon,"PC, PS4, Xbox One",2017,https://www.youtube.com/watch?v=okLyMe_8C3Q
63,VGM #0063,The Legend of Zelda: The Wind Waker HD,Outset Island,"Kenta Nagata, Hajime Wakai, Toru Minegishi and Koji Kondo. Arranged by Asuka Hayazaki and Atsuko Asahi.",Wii U,2013,https://www.youtube.com/watch?v=y1tndPvhn6w
64,VGM #0064,Starbound,Atlas,Curtis Schweitzer,PC,2016,https://www.youtube.com/watch?v=xq1a0_Cdg0U
65,VGM #0065,Lovers of Aether,The Earthen Division (PC-98 remix),flashygoodness,PC,2019,https://www.youtube.com/watch?v=_vq9OoHSb3k
66,VGM #0066,Professor Layton vs Phoenix Wright,A Pleasant Afternoon,Tomohito Nishiura,3DS,2012,https://www.youtube.com/watch?v=znft89czQ8w
67,VGM #0067,The Messenger,Beneath the Tides (Sunken Shrine),Rainbowdragoneyes,"PC, Switch",2018,https://www.youtube.com/watch?v=GwPGYxDKgow
68,VGM #0068,Pokémon Black / White,Icirrus City,Shota Kageyama,DS,2010,https://www.youtube.com/watch?v=9eE31dGVyb0
69,VGM #0069,The End is Nigh,The End Is Anguish,Ridiculon,"PC, Switch",2017,https://www.youtube.com/watch?v=4HSGgOouwBQ
70,VGM #0070,Fire Emblem: Awakening,Id ~ Purpose,Hiroki Morishita,3DS,2012,https://www.youtube.com/watch?v=4Qah4WCZ9Z4
71,VGM #0071,Super Mario Odyssey,Bowser Castle,Koji Kondo,Switch,2017,https://www.youtube.com/watch?v=SdsRSzTjNL0
72,VGM #0072,Transistor,In Circles,"Darren Korb, vocals by Ashley Barrett","PC, PS4",2014,https://www.youtube.com/watch?v=oTWYfRbYiUs
73,VGM #0073,F-Zero GX,Planet Colors (Green Plant),Hidenori Shoji,GameCube,2003,https://www.youtube.com/watch?v=eZ9IvZGn6W8
74,VGM #0074,Poly Bridge,Fall Into Place,Adrian Talens,PC,2016,https://www.youtube.com/watch?v=vofS85Gi3cY
75,VGM #0075,Street Fighter IV,Theme of Zangief,"Yoko Shimomura, arranged by Hideyuki Fukasawa","Arcade, PS3, Xbox 360, PC",2008,https://www.youtube.com/watch?v=dbuh-tAG5Ag
76,VGM #0076,Kid Icarus: Uprising,Solo Menu,"Motoi Sakuraba, arranged by Motoi Sakuraba and Natsumi Kameoka",3DS,2012,https://www.youtube.com/watch?v=esakRW1TiZU
77,VGM #0077,Darkest Dungeon,The Hamlet,Stuart Chatwood,"PC, PS4, Switch, Xbox One",2016,https://www.youtube.com/watch?v=7AH459S3_6M
78,VGM #0078,Kingdom Hearts: 358/2 Days,Lazy Afternoons,Yoko Shimomura,DS,2009,https://www.youtube.com/watch?v=ntnAqlQn924
79,VGM #0079,Cadence of Hyrule,Temple of Storms (Combat),Danny Baranowsky,Switch,2019,https://www.youtube.com/watch?v=9-b1uzOgkwQ
80,VGM #0080,Super Smash Bros. Ultimate,Out of Time,Yasushi Asada,Switch,2018,https://www.youtube.com/watch?v=HLX7AmxX0p0
81,VGM #0081,Into the Breach,The Blast Garden,Ben Prunty,"PC, Switch",2018,https://www.youtube.com/watch?v=AvTKaoHU5PQ
82,VGM #0082,Tokyo Mirage Sessions ♯FE,Newcomer!,Yoshiaki Fujisawa,"Wii U, Switch",2016,https://www.youtube.com/watch?v=C4nqPxWJIDg
83,VGM #0083,Pokémon Sun / Moon,Battle! (Aether Foundation),Minako Adachi,3DS,2016,https://www.youtube.com/watch?v=gMVe1MkIr6A
84,VGM #0084,World of Goo,Best of Times,Kyle Gabler,"PC, Wii",2008,https://www.youtube.com/watch?v=IOvLLRGvjQE
85,VGM #0085,Trine,Astral Academy,Ari Pulkkinen,"PC, PS3",2009,https://www.youtube.com/watch?v=N1pixY3vF1E
86,VGM #0086,Splatoon,Cephaloparade,Toru Minegishi,Wii U,2015,https://www.youtube.com/watch?v=-VJcIPsQggw
87,VGM #0087,Battleblock Theater,Secret Stage,Will Stamper,PC,2013,https://www.youtube.com/watch?v=_tjwQzt_11w
88,VGM #0088,Tetris,A-Type,Hirokazu Tanaka,Game Boy,1989,https://www.youtube.com/watch?v=YPdOSxuT-Rg
89,VGM #0089,Mario & Luigi: Bowser's Inside Story,Deep Castle,Yoko Shimomura,DS,2009,https://www.youtube.com/watch?v=xjXqf2qUbdI
90,VGM #0090,Trackmania,Paradigm,Ramova,PC,2020,https://www.youtube.com/watch?v=FOOa-c9Rbtc
91,VGM #0091,The Binding of Isaac: Repentance,River of Despair (Downpour),Ridiculon,"PC, Switch, PS5",2021,https://www.youtube.com/watch?v=2SNUVgNpApc
92,VGM #0092,League of Legends,Challengers,Riot Games Music Team,PC,2013,https://www.youtube.com/watch?v=osVGlIUUJ3I
93,VGM #0093,Bayonetta,The Gates of Hell,Hiroshi Yamaguchi,"PS3, Xbox 360, Wii U",2009,https://www.youtube.com/watch?v=Cny-k32W_bw
94,VGM #0094,Hollow Knight,City of Tears,Christopher Larkin,PC,2017,https://www.youtube.com/watch?v=W0ypu6MOIyQ
95,VGM #0095,HearthStone: The Boomsday Project,Boom Boom Boom,Peter McConnell,"PC, Mobile",2018,https://www.youtube.com/watch?v=KllBBBhjhc4
96,VGM #0096,Golden Sun: Dark Dawn,Tonfon,Motoi Sakuraba,DS,2010,https://www.youtube.com/watch?v=fekVuHGilF8
97,VGM #0097,Guilty Gear Xrd Sign,Diva of Despair,"Daisuke Ishiwatari, arranged by Norichika Sato","Arcade, PS3, PS4, PC",2014,https://www.youtube.com/watch?v=GgOGb7TtQQA
98,VGM #0098,Portal 2,Cara Mia Addio,"Mike Morasky, performed by Ellen McLain","PC, Xbox 360, PS3",2011,https://www.youtube.com/watch?v=WJmt51EsiZM
99,VGM #0099,Pokémon Gold / Silver / Crystal,Ending,Go Ichinose,Game Boy Color,1999,https://www.youtube.com/watch?v=s3tVh2gCquc
100,VGM #0100,Professor Layton and the Diabolical Box,Iris ~ Ending,Tomohito Nishiura,DS,2007,https://www.youtube.com/watch?v=-GaEUnXMurk
101,VGM #0101,Fire Emblem: Shadow Dragon,Fire Emblem Theme,"Yuka Tsujiyoko, arranged by Saki Kasuga",DS,2008,https://www.youtube.com/watch?v=CxblZ7gjNqM
102,VGM #0102,Yoshi's Island,Flower Garden,Koji Kondo,SNES,1995,https://www.youtube.com/watch?v=ydTAZ9ZUyd4
103,VGM #0103,The Wolf Among Us,Woodlands,Jared Emerson-Johnson,"PC, PS3, X360, Mobile",2013,https://www.youtube.com/watch?v=5U9waajKHsc
104,VGM #0104,World of Warcraft: Cataclysm,Nightsong,Neal Acree,PC,2010,https://www.youtube.com/watch?v=T96QA5PUhR4
105,VGM #0105,Rocket League,Looking to the Future,Mike Ault,"PC, PS4, Xbox One",2015,https://www.youtube.com/watch?v=mKWEQhU1wf4
106,VGM #0106,The Legend of Zelda: Skyward Sword,The Sky,Hajime Wakai,Wii,2011,https://www.youtube.com/watch?v=YhF9hY23rmw
107,VGM #0107,Ori and the Blind Forest,Riding the Wind,Gareth Coker,"PC, Xbox One",2015,https://www.youtube.com/watch?v=jyoSY4aj7hw
108,VGM #0108,Super Mario Galaxy 2,Cloudy Court Galaxy,Mahito Yokota,Wii,2010,https://www.youtube.com/watch?v=dA-sCQPyxnU
109,VGM #0109,Dead Cells: The Bad Seed,Arboretum,"Yoann ""Valmont"" Laulan","PC, Switch, Xbox One, PS4",2020,https://www.youtube.com/watch?v=9ac4nT5yqWw
110,VGM #0110,Pokémon Ruby / Sapphire / Emerald,Battle! (Brendan/May),Junichi Masuda,GBA,2002,https://www.youtube.com/watch?v=d4meIoVWlcE
111,VGM #0111,Ōkami,The Canine Warriors Theme,Hiroshi Yamaguchi,"PS2, Wii",2006,https://www.youtube.com/watch?v=qFHOVfhXesI
112,VGM #0112,FTL,MilkyWay (Battle),Ben Prunty,PC,2012,https://www.youtube.com/watch?v=VmbWcUp2H9I
113,VGM #0113,Taiko no Tatsujin: Drum 'n' Fun!,Furifuri♪Norinori♪,"Toaki Usami, singed by MANA",Switch,2018,https://www.youtube.com/watch?v=yXIO75GtKuY
114,VGM #0114,Dark Souls,"Gwyn, Lord of Cinder",Motoi Sakuraba,"PS3, Xbox 360, PC",2011,https://www.youtube.com/watch?v=S6N36FPKXJ4
115,VGM #0115,The Talos Principle,Do with It as You Will,Damjan Mravunac,"PC, Mobile, PS4",2014,https://www.youtube.com/watch?v=GTWSBGyUu78
116,VGM #0116,"Cook, Serve, Delicious! 3?!",The Poutine Prince,Jonathan Geer,"PC, Switch, PS4, Xbox One",2020,https://www.youtube.com/watch?v=YB45HA0WZGY
117,VGM #0117,New Super Mario Bros.,Desert Overworld,"Asuka Ōta, Hajime Wakai and Koji Kondo",DS,2006,https://www.youtube.com/watch?v=gOW_Blu5o10
118,VGM #0118,Guacamelee!,Desierto Caliente,Rom di Prisco,"PS3, PSVita, PC",2013,https://www.youtube.com/watch?v=Mf697FReiig
119,VGM #0119,The Legend of Zelda: Ocarina of Time,Gerudo Valley,Koji Kondo,N64,1998,https://www.youtube.com/watch?v=WluViGQPx34
120,VGM #0120,Immortals Fenyx Rising,Dianoia,Gareth Coker,"PC, Switch, PS4, PS5, Xbox One, Xbox X/S",2020,https://www.youtube.com/watch?v=vwaz9epw500
121,VGM #0121,Super Smash Bros. Brawl,Stage Builder,Shogo Sakai,Wii,2008,https://www.youtube.com/watch?v=RZMguU81ARc
122,VGM #0122,Iconoclasts,Moonlight (VS Ivory Beast),Joakim Sandberg,"PC, PS4, PSVita, Switch",2018,https://www.youtube.com/watch?v=B0alPfyjvBQ
123,VGM #0123,Pokémon Sword / Shield,Battle! (Battle Tower),Toby Fox,Switch,2019,https://www.youtube.com/watch?v=Yo13u7QdKho
124,VGM #0124,Assassin's Creed Odyssey,Legend of the Eagle Bearer,The Flight and Mike Georgiades,"PC, PS4, Xbox One, Switch",2018,https://www.youtube.com/watch?v=0E7Ugd3FSak
125,VGM #0125,Shovel Knight,In the Halls of the Usurper (Pridemoor Keep),Jake Kaufman,"3DS, Wii U, PC",2014,https://www.youtube.com/watch?v=T_LE7lvAtF4
126,VGM #0126,Fire Emblem Fates,A Dark Fall,Masato Kouda,3DS,2016,https://www.youtube.com/watch?v=FzLO4gGYeKw
127,VGM #0127,Mario Kart Wii,Toad's Factory,Asuka Ohta and Ryo Nagamatsu,Wii,2008,https://www.youtube.com/watch?v=ZqKWst_hCZA
128,VGM #0128,Lumino City,The Gatehouse,Ed GAPS and Luke Whittaker,"PC, Mobile",2014,https://www.youtube.com/watch?v=F1rR-vfpOlI
129,VGM #0129,Dr. Mario World,World Map,,Mobile,2019,https://www.youtube.com/watch?v=gJrvEV1-s_k
130,VGM #0130,Undertale,Waterfall,Toby Fox,PC,2015,https://www.youtube.com/watch?v=ArKrcKzQ-XA
131,VGM #0131,Xenoblade Chronicles,Mechanical Rythm,"ACE+ for Xenoblade Chronicles, 2010 (Wii)",Switch,2020,https://www.youtube.com/watch?v=ELs5Pk87ZIM
132,VGM #0132,Minecraft,Clark,C418,"PC, Mobile, Xbox 360, Xbox One, PS3, PS4, Wii U, Switch",2011,https://www.youtube.com/watch?v=sgt2hKY11MQ
133,VGM #0133,Crypt of the NecroDancer,Deep Sea Bass (Coral Riff),Danny Baranowsky,"PC, PS4, PS Vita, Mobile, Xbox One, Switch",2015,https://www.youtube.com/watch?v=l0YRarRzZ1o
134,VGM #0134,TrackMania² Lagoon,Thunder,Professor Kliq,PC,2017,https://www.youtube.com/watch?v=OY0ma1MjFP8
135,VGM #0135,A Short Hike,Somewhere In The Woods (Short Hike),Mark Sparling,"PC, Switch",2019,https://www.youtube.com/watch?v=qCbzXpWyy40
136,VGM #0136,Overcooked! 2: Surf'n'Turf,The Resort,Oli Wood and Danny Hey,"PC, Switch, PS4, Xbox One",2018,https://www.youtube.com/watch?v=2MD4DTIWBgY
137,VGM #0137,Super Mario World,Castle Theme,Koji Kondo,SNES,1990,https://www.youtube.com/watch?v=be1uSnRzDn0
138,VGM #0138,Ibb & Obb,Clarity,Kettel,"PS3, PC, Switch",2013,https://www.youtube.com/watch?v=QD-vR1HPqbA
139,VGM #0139,Trine 2,The Giant Dragon,Ari Pulkkinen,"PC, PS3, Xbox 360, Wii U",2011,https://www.youtube.com/watch?v=4d81xzX0FhQ
140,VGM #0140,Pokémon Shuffle,Sweet Strasse (Map 7),Tsukasa Tawada,"3DS, Mobile",2015,https://www.youtube.com/watch?v=7nB2esT9JG0
141,VGM #0141,Yoshi's Woolly World,Fluffin' Puffin Babysitting,Tomoya Tomita and Misaki Asada,"Wii U, 3DS",2015,https://www.youtube.com/watch?v=U2e9E9uOx2E
142,VGM #0142,Super Smash Bros. for 3DS / Wii U,Quick Man Stage,Shota Kageyama,"3DS, Wii U",2014,https://www.youtube.com/watch?v=t04r9dpSY24
143,VGM #0143,Unravel Two,Through Fire For You,Frida Johansson and Henrik Oja,"PC, PS4, Xbox One, Switch",2018,https://www.youtube.com/watch?v=eQibV5GAfLk
144,VGM #0144,Super Meat Boy,C.H.A.D's Lullaby,Danny Baranowsky,"PC, Xbox 360",2010,https://www.youtube.com/watch?v=eX7G_sQTJmw
145,VGM #0145,Mario & Luigi: Partners in Time,Thwomp Volcano,Yoko Shimomura,DS,2005,https://www.youtube.com/watch?v=GrqeO_xItvw
146,VGM #0146,Darksiders II,The Crowfather,Jesper Kyd,"PC, PS3, Xbox 360, Wii U",2012,https://www.youtube.com/watch?v=6gE4Ov4WfBs
147,VGM #0147,The Legend of Zelda: Twilight Princess,Kakariko Village,Toru Minegishi and Koji Kondo,"GameCube, Wii",2006,https://www.youtube.com/watch?v=QhUvZJSqVz0
148,VGM #0148,Borderlands: The Pre-Sequel,Arrival,Jesper Kyd,"PC, PS3, Xbox 360, PS4, Xbox One",2014,https://www.youtube.com/watch?v=D4PhcwCmaA8
149,VGM #0149,Fire Emblem: Three Houses,Chasing Daybreak (Rain),Rei Kondoh,Switch,2019,https://www.youtube.com/watch?v=3Y1tGC5hy-E
150,VGM #0150,A Hat in Time,Rush Hour,Pascal Michael Stiefel,"PC, Switch, Xbox One, PS4",2019,https://www.youtube.com/watch?v=6tglaUmwXdk
151,VGM #0151,Diablo III,Leah,Russell Brower,"PC, PS3, Xbox 360",2012,https://www.youtube.com/watch?v=J0qxq6Q95Ig
152,VGM #0152,SoulCalibur V,Where Springs Not Fail,Hiroki Kikuta,"PS3, Xbox 360",2012,https://www.youtube.com/watch?v=0xCKhVdg-74
153,VGM #0153,Cube World,Explorers,Wolfram von Funck,PC,2019,https://www.youtube.com/watch?v=5ncQjCSOaaI
154,VGM #0154,Nuclear Throne,Groundwork of the Past,Jukio Kallio,"PC, PS4, PS Vita",2015,https://www.youtube.com/watch?v=go1P9Zxyw2g
155,VGM #0155,Pokémon HeartGold / SoulSilver,Lyra,Shota Kageyama,DS,2009,https://www.youtube.com/watch?v=PdzDCs67lGo
156,VGM #0156,Phoenix Wright: Ace Attorney,Turnabout Sisters,Masakazu Sugimori,"GBA, DS",2001,https://www.youtube.com/watch?v=GZ8BP8GYyOs
157,VGM #0157,Kirby's Epic Yarn,Flower Fields,Tomoya Tomita,Wii,2010,https://www.youtube.com/watch?v=LFgHZPVbGpk
158,VGM #0158,Pikuniku,The Forest Town,Calum Bowen,"PC, Switch, Xbox One",2019,https://www.youtube.com/watch?v=W0aLziHNogg
159,VGM #0159,DuckTales,The Amazon,Hiroshige Tonomura,"NES, Game Boy",1989,https://www.youtube.com/watch?v=vY49uE-XpOw
160,VGM #0160,Pikmin,The Forest of Hope,Hajime Wakai,"GameCube, Wii",2001,https://www.youtube.com/watch?v=gFTtBZxVwxQ
161,VGM #0161,Full Metal Furies,Foloi,Gordon McGladdery (A Shell in the Pit),"PC, Xbox One, Switch",2018,https://www.youtube.com/watch?v=UVh4BFDQWXQ
162,VGM #0162,Wargroove,Ancient Blood,Phonetic Hero,"PC, Switch, Xbox One, PS4",2019,https://www.youtube.com/watch?v=BCBrCS2wOag
163,VGM #0163,Monster Hunter Rise - Barbarous Beast,Magnamalo,Satoshi Hori,Switch,2021,https://www.youtube.com/watch?v=MZUxoj48Odw
164,VGM #0164,CrossCode,S-Rank Battle,Deniz Akbulut,"PC, Switch, PS4, Xbox One",2018,https://www.youtube.com/watch?v=DJLGP97VlHY
165,VGM #0165,F-Zero,Big Blue,Yumiko Kanki and Naoto Ishida,SNES,1990,https://www.youtube.com/watch?v=LlmDJgVdUO0
166,VGM #0166,Hades,The Unseen Ones,"Darren Korb, featuring Masahiro Aoki and Daisuke Kurosawa","PC, Switch, PS4, PS5, Xbox One, Xbox Series X/S",2020,https://www.youtube.com/watch?v=-gN3C1Aw9Aw
167,VGM #0167,League of Legends,"Ekko, the Boy Who Shattered Time",Riot Games Music Team,PC,2015,https://www.youtube.com/watch?v=5LnPbFjFLVs
168,VGM #0168,Super Smash Bros. Melee,Venom,Koji Kondo,GameCube,2001,https://www.youtube.com/watch?v=i8l-R3sddpI
169,VGM #0169,Poly Bridge 2,Taking Flight,Adrian Talens,"PC, Mobile",2020,https://www.youtube.com/watch?v=ntnGf70lwEc
170,VGM #0170,Ar nosurge: Ode to an Unborn Star,Ashihara,Daisuke Achiwa,"PS3, PS Vita",2014,https://www.youtube.com/watch?v=FaOWBxId9QE
171,VGM #0171,Rivals of Aether,Fighter Select,flashygoodness,"PC, Xbox One, Switch",2017,https://www.youtube.com/watch?v=nGbj6wk0y9o
172,VGM #0172,Evoland 2,Searching for Something,Shakkam,"PC, Mobile, PS4, Switch, Xbox One",2015,https://www.youtube.com/watch?v=8nmIozTmOAo
173,VGM #0173,Hotline Miami 2: Wrong Number,Divide,Magna,"PC, PS3, PS4, PS Vita, Mobile",2015,https://www.youtube.com/watch?v=dfXySUcxoFc
174,VGM #0174,WildStar,War Will Come,Jeff Kurtenacker,PC,2014,https://www.youtube.com/watch?v=9JCU1VY07ac
175,VGM #0175,Super Mario 64,"Dire, Dire Docks",Koji Kondo,N64,1996,https://www.youtube.com/watch?v=T61dZI8b-xU
176,VGM #0176,Pokémon Red / Green / Blue / Yellow,Pokémon Tower,Junichi Masuda,Game Boy,1996,https://www.youtube.com/watch?v=hReebzsW0ug
177,VGM #0177,Metroid Fusion,Sector 1 (SRX),Minako Hamano and Akira Fujiwara,Game Boy Advance,2002,https://www.youtube.com/watch?v=IYXENrvcZHs
178,VGM #0178,Sonic Heroes,Mystic Mansion,Naofumi Hataya and Jun Senoue,"GameCube, PS2, Xbox, PC",2003,https://www.youtube.com/watch?v=RG4lCS1iKZw
179,VGM #0179,Deltarune,My Castle Town,Toby Fox,"PC, Switch, PS4",2021,https://www.youtube.com/watch?v=EXWxcR_JzXk
180,VGM #0180,The Legend of Zelda: A Link Between Worlds,Lorule Theme,Ryo Nagamatsu,3DS,2013,https://www.youtube.com/watch?v=0LxV_5HdZE8
181,VGM #0181,VVVVVV,Potential for Anything,"Magnus ""SoulEye"" Pålsson","PC, 3DS",2010,https://www.youtube.com/watch?v=Dh7rDSDirWc
182,VGM #0182,Aurora Memoria - Philosophical Data Session: 2093,DigiFamily,DV-i,,,https://www.youtube.com/watch?v=syowW1PKaGc
183,VGM #0183,Fire Emblem: Path of Radiance,To Challenge Ashnard,Saki Haruyama,GameCube,2005,https://www.youtube.com/watch?v=-sjRvAq_2GA
184,VGM #0184,Cuphead,Rugged Ridge,Kristofer Maddigan,"PC, Xbox One",2017,https://www.youtube.com/watch?v=rbHqBDFiGEg
185,VGM #0185,Slime Rancher,Ancient Ruins Relaxed,Harry Mack,"PC, Xbox One, PS4, Switch",2017,https://www.youtube.com/watch?v=OVm_XWNVRTg
186,VGM #0186,HearthStone: Curse of Naxxramas,On a Roll,Peter McConnell,"PC, Mobile",2014,https://www.youtube.com/watch?v=l6ZcBDqEuHU
187,VGM #0187,Super Mario Galaxy,Space Junk Galaxy,Mahito Yokota,Wii,2007,https://www.youtube.com/watch?v=4ZKzPexe0GI
188,VGM #0188,Fall Guys,Falling Stars (Chugu Bam Bam),Jukio Kallio and Daniel Hagström,"PC, PS4, Switch, Xbox One",2021,https://www.youtube.com/watch?v=EZ8iypq7s4Q
189,VGM #0189,Pokémon Colosseum,Normal Battle,Tsukasa Tawada,GameCube,2003,https://www.youtube.com/watch?v=Wv_AqWhxinY
190,VGM #0190,Touhou Fuumaroku ~ Story of Eastern Wonderland,"Himorogi, Burn in Violet",ZUN,PC-98,1997,https://www.youtube.com/watch?v=RPvBDQ6TDgA
191,VGM #0191,Splatoon,Splattack!,Toru Minegishi,Wii U,2015,https://www.youtube.com/watch?v=W1wUkjLZU2A
192,VGM #0192,Human Fall Flat,Unknown,Tomas Sakalauskas,"PC, PS4, Xbox One, Switch",2016,https://www.youtube.com/watch?v=mnUWMphUC9Q
193,VGM #0193,Xenoblade Chronicles: Definitive Edition,Fogbeasts,ACE,Switch,2020,https://www.youtube.com/watch?v=xqTFsXHad-A
194,VGM #0194,Assassin's Creed II,Venice Rooftops,Jesper Kyd,"PS3, Xbox 360, PC",2009,https://www.youtube.com/watch?v=AHLqz40OLDs
195,VGM #0195,Wings of Vi,Savior,Ashton Morris,PC,2014,https://www.youtube.com/watch?v=Ch04c76OfPQ
196,VGM #0196,Card City Nights,Showdown,.Haku (Mattias Hakulinen),"PC, Mobile",2014,https://www.youtube.com/watch?v=Wqe0Ss80EEI
197,VGM #0197,Atelier Shallie: Alchemists of the Dusk Sea,Stella -Part 2-,Hayato Asano,"PS3, PS Vita",2014,https://www.youtube.com/watch?v=UtrD517X_eI
198,VGM #0198,Ōkami,Rising Sun,Rei Kondoh,"PS2, Wii",2006,https://www.youtube.com/watch?v=Z0J3-HqN4hI
199,VGM #0199,Cave Story,The Way Back Home,"Daisuke Amaya ""Pixel""","PC, 3DS, Switch",2004,https://www.youtube.com/watch?v=Uc5VqfaCegs
200,VGM #0200,Bayonetta,Let's Dance Boys!,Hiroshi Yamaguchi,"PS3, Xbox 360, Wii U",2009,https://www.youtube.com/watch?v=txTSrACkyd4
201,VGM #0201,Super Smash Bros. Ultimate,Lifelight,Hideki Sakamoto,Switch,2018,https://www.youtube.com/watch?v=DnN2JciS010
202,VGM #0202,Mages of Mystralia,Grimoire,Antoine Vachon,"PC, PS4, Xbox One",2017,https://www.youtube.com/watch?v=iIQcIkBr4Cg
203,VGM #0203,Titan Souls,Yeti Butts,David Fenn,"PC, PS4, PS Vita, Mobile",2015,https://www.youtube.com/watch?v=h8I7Fq_wEWk
204,VGM #0204,Mario Kart: Double Dash!!,Sherbet Land,Shinobu Tanaka and Kenta Nagata,GameCube,2003,https://www.youtube.com/watch?v=sfX-7EMIwtE
205,VGM #0205,OMORI - Snow Forest,A Single Flower Blooms,Pedro Silva,PC,2020,https://www.youtube.com/watch?v=lTJzbs4JGhQ
206,VGM #0206,Monster Hunter Tri - The Sub-Zero White Knight,Barioth,Tadayoshi Makino,"Wii, 3DS, Wii U",2009,https://www.youtube.com/watch?v=fL_GTOWzmJo
207,VGM #0207,Waterworld,Mission Theme 1,Dean Evans,SNES,1995,https://www.youtube.com/watch?v=TsQBVG2blTg
208,VGM #0208,Skies of Arcadia,Kingdom of Ixa'taka,Yutaka Minobe,"Dreamcast, GameCube",2000,https://www.youtube.com/watch?v=7tHjcC4kdYw
209,VGM #0209,Super Mario Odyssey,"Jump Up, Super Star! NDC Festival Edition",Naoto Kubo,Switch,2017,https://www.youtube.com/watch?v=xR-AQHze6Qw
210,VGM #0210,Mother,All That I Needed (Was You),Keiichi Suzuki,Famicom,1989,https://www.youtube.com/watch?v=3z8dYPOZMcE
211,VGM #0211,Pokémon Diamond / Pearl / Platinum,Game Corner,Junichi Masuda and Go Ichinose,DS,2006,https://www.youtube.com/watch?v=9yjQKYvRT18
212,VGM #0212,Duelyst,The Great Diaspora,Ben MacDougall,PC,2016,https://www.youtube.com/watch?v=6HvuoWb7vCY
213,VGM #0213,The Legend of Zelda: Skyward Sword,Lake Floria,Shiho Fujii,Wii,2011,https://www.youtube.com/watch?v=Z_xuK8HllUs
214,VGM #0214,FTL: Faster Than Light,Federation,Ben Prunty,PC,2012,https://www.youtube.com/watch?v=Jhb4LXOUUcw
215,VGM #0215,Professor Layton vs. Phoenix Wright: Ace Attorney,Courtroom Magic,Yasumasa Kitagawa,3DS,2012,https://www.youtube.com/watch?v=Ft9SCqm6k0Q
216,VGM #0216,"Papers, Please",Glory to Arstotzka,Lucas Pope,"PC, Mobile",2013,https://www.youtube.com/watch?v=wPFzPoC2y7c
217,VGM #0217,HarmoKnight,Crossing the Crater,"Minako Adachi, Nobuo Kiyota, Kiyoto Ohtani and Kiyohiro Sada",3DS,2012,https://www.youtube.com/watch?v=Cf9LCfXggYc
218,VGM #0218,Animal Crossing: New Horizons,10:00,"Yasuaki Iwata, Yumi Takahashi, Shinobu Nagata, Sayako Doi, and Masato Ohashi",Switch,2020,https://www.youtube.com/watch?v=V8dxhyT8-6o
219,VGM #0219,World of Warcraft: Warlords of Draenor,Tides of War,Russell Brower and Eimear Noone,PC,2014,https://www.youtube.com/watch?v=ZSDa-5zBJHo
220,VGM #0220,Street Fighter II: The World Warrior,Ryu's Theme,Yoko Shimomura,Arcade,1991,https://www.youtube.com/watch?v=re6uL8BYs5I
221,VGM #0221,Pokémon Black 2 / White 2,Virbank City,Hitomi Sato,DS,2012,https://www.youtube.com/watch?v=oJbL-AS3j6o
222,VGM #0222,Kid Icarus: Uprising,Magnus's Theme,Yuzo Koshiro,3DS,2012,https://www.youtube.com/watch?v=ZzS_NqXS9w0
223,,,,,,,
224,VGM #0224,Picross 3D Round 2,Challenge,"Megumi Ohara, Hirokazu Ando and Shogo Sakai",3DS,2015,https://www.youtube.com/watch?v=T5_CHhnecWw
225,VGM #0225,Super Smash Bros. Brawl,Shin Onigashima,Koji Kondo,Wii,2008,https://www.youtube.com/watch?v=KWBA0wFtrzA
226,VGM #0226,Lethal League,Ordinary Days,Klaus Veen,PC,2014,https://www.youtube.com/watch?v=B7LnjLNV4uk
227,VGM #0227,Rhythm Thief and the Emperor's Treasure,Phantom Notes,Tomoya Ohtani,3DS,2012,https://www.youtube.com/watch?v=MWNNL5fbaXc
228,VGM #0228,Shovel Knight: Plague of Shadows,The Final Note,Jake Kaufman,"PC, Wii U, Switch, PS4, Xbox One",2015,https://www.youtube.com/watch?v=DTK78gq1kmw
229,VGM #0229,Exploring the Mine,Mario + Rabbids Kingdom Battle,Grant Kirkhope,Switch,2017,https://www.youtube.com/watch?v=65QJebgA_J8
230,VGM #0230,Dissidia Final Fantasy,Battle at the Big Bridge from FINAL FANTASY V,Nobuo Uematsu,PSP,2008,https://www.youtube.com/watch?v=vo1Tb8SimSA
231,VGM #0231,Hyrule Warriors,Remnant of Twilight,Masato Koike and Yuki Matsumura,"Wii U, Switch",2014,https://www.youtube.com/watch?v=uGNrzE9CUT8
232,VGM #0232,Pyre,Never to Return,Darren Korb,"PC, PS4",2017,https://www.youtube.com/watch?v=_be9Lz_r2mk
233,VGM #0233,Beat Saber,Beat Saber,Jaroslav Beck,"PSVR, PC",2019,https://www.youtube.com/watch?v=5XcZ3vGdCFI
234,VGM #0234,Castlevania: Symphony of the Night,Dance of Pearls,Michiru Yamane,PS1,1997,https://www.youtube.com/watch?v=mOATWsxRTZA
235,VGM #0235,Fire Emblem: Awakening,Here we are! The Shepherd's garrison.,Hiroki Morishita,3DS,2012,https://www.youtube.com/watch?v=7n3yVXN6-Us
236,VGM #0236,Pokémon Ranger: Shadows of Almia,School Road,"Takuto Kitsuta, Kinta Sato and Shinobu Amayake",DS,2008,https://www.youtube.com/watch?v=_VswWgWeD5w
237,VGM #0237,The Legend of Zelda: Breath of the Wild - Hateno Village,Day,Yasuaki Iwata,"Wii U, Switch",2017,https://www.youtube.com/watch?v=8twTS0NZOMI
238,VGM #0238,"Cook, Serve, Delicious! 2!!",Restaurant Designer B,Jonathan Geer,PC,2017,https://www.youtube.com/watch?v=y084n-U9nLs
239,VGM #0239,Golden Sun,An Adept's Home,Motoi Sakuraba,GBA,2001,https://www.youtube.com/watch?v=2ElFUSxp5ys
240,VGM #0240,Gang Beasts,Chutes Ahoy,Doseone and Bob Larder,"PC, PS4, Xbox One, Switch",2017,https://www.youtube.com/watch?v=elCQ1gekSc0
241,VGM #0241,Sea of Thieves - Lords of the Sea,First Wave,Robin Beanland and Chloe Kwok,"PC, Xbox One, Xbox S/X",2021,https://www.youtube.com/watch?v=gdbDbj7qtYg
242,VGM #0242,Jetpack Joyride,St Patrick's S.A.M,Cedar Jones,Mobile,2019,https://www.youtube.com/watch?v=yhRr9YaIYVQ
243,VGM #0243,Super Mario Galaxy 2,Wild Glide Galaxy,Mahito Yokota,Wii,2010,https://www.youtube.com/watch?v=Qmad62ANRxM
244,VGM #0244,Mighty Switch Force! 2,Soft Collision,Jake Kaufman,"3DS, Wii U",2013,https://www.youtube.com/watch?v=zhwRr9BfqtI
245,VGM #0245,Bayonetta 2,The Lumen Sage,Masami Ueda,Wii U,2014,https://www.youtube.com/watch?v=B5vFDt0fK0I
246,VGM #0246,Warcraft II,Human 1,Glenn Stafford,PC,1995,https://www.youtube.com/watch?v=vOSaRXNRtHo
247,VGM #0247,Donkey Kong Country 2,Forest Interlude,David Wise,SNES,1995,https://www.youtube.com/watch?v=A-BU5IZZxTc
248,VGM #0248,Paper Mario: The Origami King,Snif City Royal Hotel (Pool),"Yoshito Sekigawa, Shoh Murakami, Yoshiaki Kimura, Hiroki Morishita & Fumihiro Isobe",Switch,2020,https://www.youtube.com/watch?v=GCsl-MebkI0
249,VGM #0249,Touch My Katamari,Alien,Yū Miyake and BAKUBAKU DOKIN,PS Vita,2011,https://www.youtube.com/watch?v=WSMY_3_ZAxc
250,VGM #0250,Crypt of the NecroDancer,Crypteque (1-2),Danny Baranowsky,PC,2015,https://www.youtube.com/watch?v=9sOHot55nEw
251,VGM #0251,Hollow Knight,Gods & Glory,Christopher Larkin,"PC, Switch, PS4, Xbox One",2018,https://www.youtube.com/watch?v=p30qQ_tQqrI
252,VGM #0252,Trackmania,"Duct Tape, Take the Wheel",Ramova,PC,2020,https://www.youtube.com/watch?v=n0an8JUYP2Y
253,VGM #0253,Red Dead Redemption,Triggernometry,Bill Elm and Woody Jackson,"PS3, Xbox 360",2010,https://www.youtube.com/watch?v=j7pgea1FKZY
254,VGM #0254,Ride Zero,Soul of Cyber Fortress,Studio EIM,Mobile,2019,https://www.youtube.com/watch?v=gQ37kT6zqCo
255,VGM #0255,Pokémon X / Y,Anistar City,Minako Adachi,3DS,2013,https://www.youtube.com/watch?v=X7Bgdw_PLxU
256,VGM #0256,The Sims,Jacuzzi,Marc Russo,PC,2000,https://www.youtube.com/watch?v=AogfD_WaJA0
257,VGM #0257,Mario Kart 8,Excitebike Arena,Shiho Fujii,"Wii U, Switch",2014,https://www.youtube.com/watch?v=ZT9fY1mkKxs
258,VGM #0258,The Legend of Zelda: The Wind Waker,Dragon Roost Island,Kenta Nagata,GameCube,2002,https://www.youtube.com/watch?v=Tr9IYbAhYWE
259,VGM #0259,Professor Layton and the Azran Legacy,Descole,Tomohito Nishiura,3DS,2013,https://www.youtube.com/watch?v=hkTXG3DOmwI
260,VGM #0260,God Eater 2,The Butterfly's Temptation,Go Shiina,"PSP, PS Vita",2013,https://www.youtube.com/watch?v=qo4AkxfySJ0
261,VGM #0261,Overcooked!,Penne For Your Thoughts,Goodkill Music,"PC, PS4, Xbox One",2016,https://www.youtube.com/watch?v=Ec3NgBjzEUs
262,VGM #0262,A Hat in Time,Murder on the Owl Express,Pascal Michael Stiefel,"PC, PS4, Xbox One, Switch",2017,https://www.youtube.com/watch?v=uJRxBY4aBEY
263,VGM #0263,Kirby and the Rainbow Curse,That Stubborn Tree,"Shogo Sakai, Megumi Ohara",Wii U,2015,https://www.youtube.com/watch?v=HjfuTG4IWuU
264,VGM #0264,Pokémon Gold / Silver / Crystal,Violet City,Go Ichinose,Game Boy Color,1999,https://www.youtube.com/watch?v=pcJs3mfcibM
265,VGM #0265,Okamiden,Thundercloud,Rei Kondoh,DS,2010,https://www.youtube.com/watch?v=yH3XXN8fZi0
266,VGM #0266,Pocky & Rocky 2,Dragon in the Sky,"Hiroyuki Iwatsuki, Kinuyo Yamashita, Haruo Ohashi, Asuka Yamao",SNES,1994,https://www.youtube.com/watch?v=bEQTvArkQqk
267,VGM #0267,Monster Hunter Rise,Breath of Ire,Satoshi Hori,Switch,2021,https://www.youtube.com/watch?v=8yRYuy5ZIFM
268,VGM #0268,Hello Penguin 2 HD,FLIGHTLESS,PluswPlus,PC,2019,https://www.youtube.com/watch?v=dn0oPTevIeo
269,VGM #0269,Friday Night Funkin',Satin Panties,Kawai Sprite,PC,2020,https://www.youtube.com/watch?v=7Af0GOI3w_E
270,VGM #0270,New Super Mario Bros. U,Athletic Theme,"Shiho Fujii, Mahito Yokota",Wii U,2012,https://www.youtube.com/watch?v=lfxdRwKFCfc
271,VGM #0271,Hearthstone,Don't Let Your Guard Down,Peter McConnell,"PC, Mobile",2014,https://www.youtube.com/watch?v=ros6GtF7nFM
272,VGM #0272,Touhou Reiiden ~ Highly Responsive to Prayers,Civilization of Magic,ZUN,PC-98,1997,https://www.youtube.com/watch?v=sQBd1ALVXw0
273,VGM #0273,Super Smash Bros. for 3DS / Wii U,N's Castle Medley,Shota Kageyama,"3DS, Wii U",2014,https://www.youtube.com/watch?v=feR0ODoe33A
274,VGM #0274,Halo: Reach,At Any Cost,Martin O'Donnell and Michael Salvatori,"Xbox 360, PC",2010,https://www.youtube.com/watch?v=AkwCsJqsR0E
275,VGM #0275,Undertale,Death By Glamour,Toby Fox,"PC, Switch, PS4, Xbox One",2015,https://www.youtube.com/watch?v=2NZ4_-E-xp4
276,,,,,,,
277,VGM #0277,The Legend of Zelda: Twilight Princess,Hidden Village,Toru Minegishi,"GameCube, Wii",2006,https://www.youtube.com/watch?v=nxKgqJZp2zc
278,VGM #0278,Full Metal Furies,Menoetius,Gordon McGladdery (A Shell in the Pit),"PC, Switch",2018,https://www.youtube.com/watch?v=6EtynS0f_Tc
279,VGM #0279,Mario Strikers Charged,Crystal Canyon,"Mike Peacock, Darren Radtke, Chad York, Scott McFadyen, Davor Vulama",Wii,2007,https://www.youtube.com/watch?v=06c7xN2G1A8
280,VGM #0280,Alto's Odyssey,A Moment of Tranquility,Torin Borrowdale,Mobile,2018,https://www.youtube.com/watch?v=GEO064iMPWU
281,,,,,,,
282,VGM #0282,Pokémon Mystery Dungeon: Rescue Team DX,"Run Away, Fugitives","Arata Iiyoshi, Atsuhiro Ishizuna for Pokémon Mystery Dungeon: Blue Rescue Team and Pokémon Mystery Dungeon: Red Rescue Team",Switch,2020,https://www.youtube.com/watch?v=o2VZs4u63zw
283,VGM #0283,No Straight Roads,vs. YINU,Falk Au Yeong,"PS4, Xbox One, Switch, PC",2020,https://www.youtube.com/watch?v=qmJ5BRjJ440
284,VGM #0284,Portal 2,Science is Fun,Mike Morasky,"PC, Xbox 360, PS3",2011,https://www.youtube.com/watch?v=aR94sNZH93Y
285,VGM #0285,Asura's Wrath,Furueru Kokoro,Chikayo Fukuda,"PS3, Xbox 360",2012,https://www.youtube.com/watch?v=gii9hpq5Hok
286,VGM #0286,Kid Icarus: Uprising,That Burning Town,Motoi Sakuraba,3DS,2012,https://www.youtube.com/watch?v=diKYcQLk_O4
287,VGM #0287,Civilization VI,Portugal (The Atomic Era),Geoff Knorr and Phill Boucher,"PC, Mobile, Switch, PS4, Xbox One",2021,https://www.youtube.com/watch?v=_lTjFPRHNd8
288,VGM #0288,Bastion,"Setting Sail, Coming Home",Darren Korb,"PC, Xbox 360, PS4, Switch",2011,https://www.youtube.com/watch?v=T5JLRDG1xUA
289,VGM #0289,Ar nosurge: Ode to an Unborn Star,Don't Run in the Train,Kazuki Yanagawa,"PS3, PS Vita",2014,https://www.youtube.com/watch?v=miyegnijdmQ
290,VGM #0290,The Legend of Zelda: Tri Force Heroes,Main Theme,Ryo Nagamatsu,3DS,2015,https://www.youtube.com/watch?v=oOKWIUh-Kh8
291,VGM #0291,Pokémon Ruby / Sapphire / Emerald,Surf,Morikazu Aoki,GBA,2002,https://www.youtube.com/watch?v=c5oZUJNuooM
292,VGM #0292,Ōkami,Ryoshima Coast,Hiroshi Yamaguchi,"PS2, Wii",2006,https://www.youtube.com/watch?v=n9C2dly4Hu4
293,VGM #0293,Octodad: Dadliest Catch,The Deep Sea,Seth Parker,"PC, PS4, PSVita, Xbox One, Mobile, Switch",2014,https://www.youtube.com/watch?v=WE2IyQ1eZzM
294,VGM #0294,Super Meat Boy,It Ends (Ch 5 Light World),Danny Baranowsky,"PC, Xbox 360",2010,https://www.youtube.com/watch?v=UdCPhC1DcHs
295,VGM #0295,Guacamelee!,Caverna del Pollo,Rom di Prisco,"PC, PS3, PSVita, PS4, Xbox One, Switch",2013,https://www.youtube.com/watch?v=fscNCjCOxO8
296,VGM #0296,Minecraft: Battle Mini Game,Dance of the Blocks (Shrunk),Gareth Coker,"PS4, Xbox One, Wii U",2016,https://www.youtube.com/watch?v=GnVBushJbVo
297,VGM #0297,Sonic Adventure,At Dawn,Jun Senoue,"Dreamcast, GameCube, PC",1998,https://www.youtube.com/watch?v=Yh2oAOd23zw
298,VGM #0298,Phoenix Wright: Justice for All,Reminiscence ~ The Fire Carves Scars,Akemi Kimura,"GBA, DS",2002,https://www.youtube.com/watch?v=1NWWyVxEe9U
299,VGM #0299,Mother 2 / Earthbound,Smiles and Tears,Hirokazu Tanaka and Keiichi Suzuki,SNES,1994,https://www.youtube.com/watch?v=9c2emCqNWA4
300,VGM #0300,Super Mario Galaxy,Buoy Base Galaxy,Mahito Yokota,Wii,2007,https://www.youtube.com/watch?v=e1wpgzGAraU
301,VGM #0301,Yoshi's Woolly World,Title Screen,Tomoya Tomita and Misaki Asada,"Wii U, 3DS",2015,https://www.youtube.com/watch?v=_7Ipxeb5qvY
302,VGM #0302,Celeste,First Steps,Lena Raine,"PC, Switch, PS4, Xbox One",2018,https://www.youtube.com/watch?v=RkLyntDdPDQ
303,VGM #0303,Pokémon Sun / Moon,Malie City (Day),Minako Adachi,3DS,2016,https://www.youtube.com/watch?v=N9SwL1QpJyE
304,VGM #0304,One Step From Eden,Battle of Fire II,STEEL_PLUS,"PC, Switch, PS4, Xbox One",2020,https://www.youtube.com/watch?v=RrgTyzbI9I8
305,VGM #0305,Tekken 7,Volcano 2nd,Rio Hamamoto,"Arcade, PC, PS4, Xbox One",2015,https://www.youtube.com/watch?v=Y42Fxo49vYM
306,VGM #0306,Super Smash Bros. Melee,Brinstar,Shogo Sakai,GameCube,2001,https://www.youtube.com/watch?v=oK5PF8TQ1t8
307,VGM #0307,Streets of Rage 4,On Fire,Olivier Derivière,"PC, Switch, PS4, Xbox One",2020,https://www.youtube.com/watch?v=yhEXHCjrKuQ
308,VGM #0308,Fire Emblem Fates,Shine in the Light,Rei Kondoh,3DS,2016,https://www.youtube.com/watch?v=VtfWBmVPlMU
309,VGM #0309,Hyrule Warriors: AoC,"Sooga, Right Hand of the Inverted Eye (Phase 2)","Kumi Tanioka, Reo Uratani, Ryotaro Yagi and Haruki Yamada",Switch,2020,https://www.youtube.com/watch?v=trxqt_2vYTc
310,VGM #0310,VOEZ,Revival,TQ☆,"Mobile, Switch",2016,https://www.youtube.com/watch?v=DVnHGgBNSzs
311,VGM #0311,Advance Wars: Days of Ruin - Cruel Rose,Tabitha,Yoshito Hirano,Nintendo DS,2008,https://www.youtube.com/watch?v=HkN5kA4KADc
312,VGM #0312,Immortals Fenyx Rising,Punishment of Atlas,Gareth Coker,"PC, Switch, PS4, PS5, Xbox One, Xbox X/S",2020,https://www.youtube.com/watch?v=qGfijtqXzaE
313,VGM #0313,Splatoon 2,Acid Hues,Toru Minegishi,Switch,2017,https://www.youtube.com/watch?v=GOOpOPodWXM
314,VGM #0314,The Messenger,The Queendom of Quills (Quillshroom Marsh),Rainbowdragoneyes,"PC, Switch",2018,https://www.youtube.com/watch?v=xuyC9utYSbM
315,VGM #0315,Pokémon Red / Green / Blue / Yellow,Pewter City Theme,Junichi Masuda,Game Boy,1996,https://www.youtube.com/watch?v=DXOk6LZ5jRY
316,VGM #0316,World of Warcraft: Battle for Azeroth,Stormsong Valley,Derek Duke,PC,2018,https://www.youtube.com/watch?v=g7So8tuFI2E
317,VGM #0317,TrackMania² Valley,Perforated Landscapes,Professor Kliq,PC,2013,https://www.youtube.com/watch?v=kltVzOj1zwE
318,VGM #0318,Xenoblade Chronicles X,N木ig木ht木L (Day),Hiroyuki Sawano,Wii U,2015,https://www.youtube.com/watch?v=bcCY2BFqC7o
319,,,,,,,
320,VGM #0320,Beyond Good & Evil,Slaughterhouse Scramble,Christophe Héral,"PS2, GameCube, Xbox, PC",2003,https://www.youtube.com/watch?v=KKhDaz8nCbM
321,VGM #0321,Mad Rat Dead,Neuchatel,a_hisa,"Switch, PS4",2020,https://www.youtube.com/watch?v=RnYgU9d7EXQ
322,VGM #0322,ARMS,VS Dr. Coyle Hedlok,"Atsuko Asahi, Yasuaki Iwata",Switch,2017,https://www.youtube.com/watch?v=_v_I-jyn4-E
323,VGM #0323,Dicey Dungeons,Swing Me Another 6,Chipzel,"Pc, Switch",2019,https://www.youtube.com/watch?v=4_zjWoT7h9s
324,VGM #0324,Pokémon Sword / Shield: The Crown Tundra,Battle! (Peony),Hitomi Sato,Switch,2020,https://www.youtube.com/watch?v=qggc7NQdSC8
325,VGM #0325,League of Legends,"Vi, the Piltover Enforcer",Riot Games Music Team,PC,2012,https://www.youtube.com/watch?v=hERlxbo1w_Q
326,,,,,,,
327,VGM #0327,Poly Bridge,Pack Your Bags,Adrian Talens,"PC, Mobile, Switch",2016,https://www.youtube.com/watch?v=Fuzv_DuB2Yw
328,VGM #0328,Mega Man 2,Metal Man Stage,"Takashi Tateishi, Manami Matsumae",NES,1988,https://www.youtube.com/watch?v=cYbtAF9-UH8
329,VGM #0329,Fire Emblem: Radiant Dawn,Empress Sanaki,Kanako Teramae,Wii,2007,https://www.youtube.com/watch?v=tfDCtO8MscI
330,VGM #0330,Neon White,Virtual Paradise,Machine Girl,"PC, Switch",2022,https://www.youtube.com/watch?v=uEwe-EcOJUE
331,VGM #0331,Cladun: This is an RPG,Den of Evil,Yoh Ohyama,PSP,2010,https://www.youtube.com/watch?v=Y8BvZ_ImSfA
332,VGM #0332,FTL: Advanced Edition,Hacking Malfunction (Battle),Ben Prunty,"PC, Mobile",2014,https://www.youtube.com/watch?v=U3uf-v33U4A
333,VGM #0333,Prince of Persia,Healing Ground,Inon Zur and Stuart Chatwood,"PS3, Xbox 360, PC",2008,https://www.youtube.com/watch?v=UxqqLa8d3l0
334,VGM #0334,Super Smash Bros. Ultimate,Mad Monster Mansion,Michiko Naruke,Switch,2019,https://www.youtube.com/watch?v=R9FBHBj6zMk
335,VGM #0335,Mario & Luigi: Partners in Time,Hollijolli Village,Yoko Shimomura,DS,2005,https://www.youtube.com/watch?v=ylbFs41ephg
336,VGM #0336,Darkest Dungeon,The Final Combat,Stuart Chatwood,"PC, PS4, Switch, Xbox One",2016,https://www.youtube.com/watch?v=4D2Z8aFn5ZQ
337,VGM #0337,Pokémon HeartGold / SoulSilver,Lavender Town,"Junichi Masuda, Go Ichinose",DS,2009,https://www.youtube.com/watch?v=S1PClcUX_VE
338,VGM #0338,Shovel Knight,An Underlying Problem (The Lost City),Jake Kaufman,"3DS, Wii U, PC",2014,https://www.youtube.com/watch?v=1OHHbCvLFc8
339,VGM #0339,Deltarune,Chaos King,Toby Fox,"PC, Switch, PS4",2018,https://www.youtube.com/watch?v=1IFA1Ab1I38
340,VGM #0340,Hotline Miami,Miami Disco,Perturbator,"PC, PS3, PS Vita, PS4, Switch",2012,https://www.youtube.com/watch?v=IydNSv3hljc
341,VGM #0341,Professor Layton vs Phoenix Wright: Ace Attorney,Zacharias Barnham,Yasumasa Kitagawa,3DS,2012,https://www.youtube.com/watch?v=t4hqR2y4ZSs
342,VGM #0342,Haven,04:42 Still Free,Danger,"PC, PS5, Xbox S/X, Switch",2020,https://www.youtube.com/watch?v=M7958OKaZpM
343,VGM #0343,Star Wars: The Old Republic,"Peace, the Jedi Consular","Mark Thomas Griskey, Lennie Moore, Wilbert Roget II",PC,2011,https://www.youtube.com/watch?v=1_1T8GLXuTo
344,VGM #0344,Dead Cells: Fatal Falls,Fractured Shrines,"Yoann ""Valmont"" Laulan","PC, Switch, Xbox One, PS4",2021,https://www.youtube.com/watch?v=Vh-Nfd0DKNw
345,VGM #0345,Mario Kart 7,Rainbow Road,Kenta Nagata and Satomi Terui,3DS,2011,https://www.youtube.com/watch?v=qpD3_r7vWio
346,VGM #0346,OMORI,Stardust Diving,Jami Lynne,PC,2020,https://www.youtube.com/watch?v=eH3iTVngars
347,VGM #0347,Pokémon Black / White,Route 2 (Autumn-Winter),Hitomi Sato,DS,2010,https://www.youtube.com/watch?v=_D5bQxdW-EM
348,,,,,,,
349,VGM #0349,Transistor,Water Wall,Darren Korb,"PC, PS4",2014,https://www.youtube.com/watch?v=TPcI5B4BbQk
350,VGM #0350,Mages of Mystralia,Water Quarry ~ Aqua,Antoine Vachon,"PC, PS4, Xbox One",2017,https://www.youtube.com/watch?v=_2_ANNtlkxc
351,,,,,,,
352,VGM #0352,Yu-Gi-Oh! Master Duel,Climax Theme #2,Yasunori Nishiki,"PC, Switch, Mobile, PS4, PS5, Xbox One, Xbox S/X",2022,https://www.youtube.com/watch?v=FWl8MxlmAWM
353,VGM #0353,Fire Emblem: Three Houses,A Funeral of Flowers (Thunder),Rei Kondoh,Switch,2019,https://www.youtube.com/watch?v=oOg2_3VUM2M
354,VGM #0354,ENDER LILIES: Quietus of the Knights - Bloom,Outro,Mili,"Switch, PC, Xbox One, Xbox S/X, PS4",2021,https://www.youtube.com/watch?v=g5Vw-IWTR2c
355,,,,,,,
356,VGM #0356,Pokémon Mystery Dungeon: Explorers of Sky,Vast Ice Mountain Peak,Keisuke Ito,DS,2009,https://www.youtube.com/watch?v=CwreoQz0A_g
357,VGM #0357,Xenoblade Chronicles: Definitive Edition,Valak Mountain,"ACE+ for Xenoblade Chronicles, 2010 (Wii)",Switch,2020,https://www.youtube.com/watch?v=py2wZHzTPZg
358,VGM #0358,Scribblenauts,Shore 2,David J. Franco,DS,2009,https://www.youtube.com/watch?v=6oI_ungfUhY
359,VGM #0359,Risk of Rain,Arctic Oscillation,Chris Christodoulou,"PC, PS4, Switch, Xbox One",2013,https://www.youtube.com/watch?v=ybyQxzUH7Cs
360,VGM #0360,Granblue Fantasy: Versus,Party People (VS Lowain),"bassy, picnic and Tsutomu Narita","PS4, PC",2020,https://www.youtube.com/watch?v=iyJ69Tkp_oY
361,VGM #0361,Pokémon Platinum - Wi-Fi Plaza,Parade,Hitomi Sato,DS,2008,https://www.youtube.com/watch?v=ADJKsQsn5bY
362,VGM #0362,Professor Layton and the Unwound Future,Theme of the Last Time Travel,Tomohito Nishiura,"DS, Mobile",2008,https://www.youtube.com/watch?v=f4kxbPXxkf0
363,VGM #0363,Captain Toad: Treasure Tracker,Plucky Pass Beginnings,Mahito Yokota,"Wii U, 3DS, Switch",2014,https://www.youtube.com/watch?v=lewtxOzuweo
364,VGM #0364,Kirby's Adventure,Vegetable Valley,Hirokazu Ando,NES,1993,https://www.youtube.com/watch?v=H1Dtwdw65CM
365,VGM #0365,Trine,Fangle Forest,Ari Pulkkinen,"PC, PS3",2009,https://www.youtube.com/watch?v=p5FQv6R8X_M
366,VGM #0366,Kid Icarus: Uprising,Lightning Battle,Motoi Sakuraba,3DS,2012,https://www.youtube.com/watch?v=1V6a8Gqr47A
367,VGM #0367,Tokyo Mirage Sessions #FE,SESSION !!!,Yoshiaki Fujisawa,"Wii U, Switch",2016,https://www.youtube.com/watch?v=D9lWMI-66XY
368,VGM #0368,Hades,Good Riddance,Darren Korb,"PC, Switch, PS4, PS5, Xbox One, Xbox Series X/S",2020,https://www.youtube.com/watch?v=dK3tzrpZV5k
369,VGM #0369,World of Warcraft,Stormwind,Jason Hayes,PC,2004,https://www.youtube.com/watch?v=0WpZxs4tmy0
370,VGM #0370,Pokémon Legends: Arceus,Alabaster Icelands 1,Hitomi Sato and Go Ichinose,Switch,2022,https://www.youtube.com/watch?v=6qCvn5qdNps
371,VGM #0371,Monster Hunter Tri,The Ridge Floating in the Sandsea,Tadayoshi Makino,,,https://www.youtube.com/watch?v=2kbK2eww9qE
372,VGM #0372,Assassin's Creed Odyssey,A Spartan Fight,The Flight and Mike Georgiades,"PC, PS4, Xbox One, Switch",2018,https://www.youtube.com/watch?v=ni9AI6438Wc
373,VGM #0373,Overcooked! 2: Night of the Hangry Horde,Courtyard,Oli Wood and Danny Hey,"PC, Switch, PS4, Xbox One",2019,https://www.youtube.com/watch?v=38uDwI1GAHU
374,VGM #0374,Phoenix Wright: Trials and Tribulations,The Fragrance of Black Coffee,Noriyuki Iwadare,"GBA, DS",2004,https://www.youtube.com/watch?v=PXcBvrtN__A
375,VGM #0375,Taiko no Tatsujin: Drum'n'Fun,蓄勢 ~GEAR UP~,Zhan Xunwei,Switch,2018,https://www.youtube.com/watch?v=4cLosXPAGZI
376,VGM #0376,Trackmania² Stadium,Dashboard,Professor Kliq,PC,2013,https://www.youtube.com/watch?v=5iaiQ31noJg
377,VGM #0377,"Pokémon Let's Go, Pikachu / Eevee !",The Sea,Junichi Masuda,Switch,2018,https://www.youtube.com/watch?v=QEH5317JSp0
378,VGM #0378,Super Mario Land 2,Star Maze,Kazumi Totaka,Game Boy,1992,https://www.youtube.com/watch?v=Hxp1yqw890w
379,VGM #0379,Rogue Legacy,Trilobyte (Game Version),Gordon McGladdery (A Shell in the Pit),"PC, PS3, PS4, Xbox One, Switch",2013,https://www.youtube.com/watch?v=5U2-AL2yhMQ
380,VGM #0380,The Legend of Zelda: Skyward Sword,Koloktos / Moldarach,Hajime Wakai,Wii,2011,https://www.youtube.com/watch?v=MvoE7R8VLlQ
381,VGM #0381,Street Fighter IV,Theme of Balrog,Yoko Shimomura,"Arcade, PS3, Xbox 360, PC",2008,https://www.youtube.com/watch?v=T_JZI5Chuho
382,VGM #0382,Super Smash Bros. Brawl,Trophy Gallery,Shogo Sakai,Wii,2008,https://www.youtube.com/watch?v=Pj7ADtMQG5s
383,VGM #0383,Ultimate Chicken Horse,Windmill,Vibe Avenue,PC,2016,https://www.youtube.com/watch?v=9xwI_VjBHOA
384,VGM #0384,Minecraft,Infinite Amethyst,Lena Raine,"PC, Xbox One, PS4, Mobile",2021,https://www.youtube.com/watch?v=jAUQsl7FNoQ
385,VGM #0385,Super Mario Galaxy 2,Bowser's Lava Lair,Koji Kondo,Wii,2010,https://www.youtube.com/watch?v=BBKsKLQOhjA
386,VGM #0386,"Cook, Serve, Delicious!",Butter Pecan,Jonathan Geer,PC,2012,https://www.youtube.com/watch?v=P4w7ZgOEx0g
387,VGM #0387,Little Town Hero,Inside the Castle,Toby Fox,"Switch, PS4, Xbox One, PC",2019,https://www.youtube.com/watch?v=hXFTfgSsrFo
388,VGM #0388,The Pedestrian,Means to an End,Logan Hayes,"PC, PS5, Xbox S/X",2020,https://www.youtube.com/watch?v=Sl0TONEEUL4
389,VGM #0389,The Sims,Mall Rat,Jerry Martin,"PC, PS2, GameCube, Xbox",2000,https://www.youtube.com/watch?v=LfupsPTJaEU
390,VGM #0390,Fall Guys,Final Fall,Jukio Kallio and Daniel Hagström,"PC, PS4, Switch, Xbox One",2020,https://www.youtube.com/watch?v=nrzfK8vRxOg
391,VGM #0391,Hollow Knight,Sealed Vessel,Christopher Larkin,"PC, Switch, PS4, Xbox One",2017,https://www.youtube.com/watch?v=6gSZxcEYwFU
392,,,,,,,
393,VGM #0393,Mother 3,Monkey's Delivery Service,Shogo Sakai,GBA,2006,https://www.youtube.com/watch?v=bpNZfs_oE_Q
394,VGM #0394,Hey! Pikmin - Sector 4,Ravaged Rustworks,Masato Kouda and Kento Hasegawa,3DS,2017,https://www.youtube.com/watch?v=xYjpcqJlk14
395,VGM #0395,Into the Breach,Old War Machines,Ben Prunty,"PC, Switch",2018,https://www.youtube.com/watch?v=LEbqwG4khuI
396,VGM #0396,Pokémon Scarlet / Violet,Battle! (Team Star Boss),Teruo Taniguchi,Switch,2022,https://www.youtube.com/watch?v=8ZY1EH6NeJA
397,VGM #0397,The Legend of Zelda: Twilight Princess,Save Ilia,"Toru Minegishi, Asuka Ota and Koji Kondo","GameCube, Wii",2006,https://www.youtube.com/watch?v=8nxDLePLtTk
398,VGM #0398,Animal Crossing: New Horizons,Nook's Cranny (Before Closing),Yumi Takahashi,Switch,2020,https://www.youtube.com/watch?v=yhCJPaDWCEg
399,VGM #0399,Metroid Prime,Ending Staff Roll,Kenji Yamamoto,GameCube,2002,https://www.youtube.com/watch?v=9GIAZpRGqzg
400,VGM #0400,Undertale,MEGALOVANIA,Toby Fox,"PC, Switch, PS4, Xbox One",2015,https://www.youtube.com/watch?v=SsBOotNtwGM
401,VGM #0401,The Elder Scrolls V: Skyrim,Dragonborn,Jeremy Soule,"PC, PS3, Xbox 360, PS4, Xbox One, Switch, PS5, Xbox S/X",2011,https://www.youtube.com/watch?v=wUgIMYm5-xA
402,VGM #0402,Crypt of the NecroDancer,Disco Descent (1-1),Danny Baranowsky,PC,2015,https://www.youtube.com/watch?v=3G07U_Fg51c
403,VGM #0403,CrossCode,Battle 2,Deniz Akbulut,"PC, Switch, PS4, Xbox One",2018,https://www.youtube.com/watch?v=sVdyHcLuh2g
404,,,,,,,
405,VGM #0405,Super Mario 3D World + Bowser's Fury,Plessie,Daisuke Matsuoka and James Phillipsen,Switch,2021,https://www.youtube.com/watch?v=eFqxCr9lE0o
406,VGM #0406,The Talos Principle,Welcome to Heaven,Damjan Mravunac,"PC, Mobile, PS4",2014,https://www.youtube.com/watch?v=fscUTGuDd3k
407,VGM #0407,A Hat in Time,Her Spaceship,Grant Kirkhope,"PC, PS4, Xbox One, Switch",2017,https://www.youtube.com/watch?v=1LIO3Tae87Y
408,VGM #0408,Pokémon Ruby / Sapphire / Emerald,Littleroot Town,Go Ichinose,GBA,2002,https://www.youtube.com/watch?v=0wyASvJUM0k
409,VGM #0409,One Step From Eden,Perpetual Motion: Hazel's Theme,STEEL_PLUS,"PC, Switch, PS4, Xbox One",2020,https://www.youtube.com/watch?v=nOfPDTBTRTg
410,VGM #0410,Pyre,Grand Ceremony,Darren Korb,"PC, PS4",2017,https://www.youtube.com/watch?v=Xige6RUPn8g
411,VGM #0411,Diablo III: Reaper of Souls,A Mortal Heart,Derek Duke,"PC, PS3, Xbox 360, PS4, Xbox One",2014,https://www.youtube.com/watch?v=jBpM6z6Fb-c
412,VGM #0412,Splatoon,Ink Me Up,Shiho Fujii,Wii U,2015,https://www.youtube.com/watch?v=ZY1HGK7QJiA
413,VGM #0413,Atelier Shallie: Alchemists of the Dusk Sea,Humming in the Atelier,Kazuki Yanagawa,"PS3, PS Vita",2014,https://www.youtube.com/watch?v=WPPazzoqgPc
414,VGM #0414,Civilization VI,Sumeria (The Atomic Era),Geoff Knorr and Phill Boucher,"PC, Mobile, Switch, PS4, Xbox One",2016,https://www.youtube.com/watch?v=qRfxr9vJJa8
415,VGM #0415,Snipperclips,Cosmic Comics A,Calum Bowen,Switch,2017,https://www.youtube.com/watch?v=ojj9kiWV8W0
416,VGM #0416,Guacamelee! 2,Chicken Illuminati HQ,Peter Chapman,"PS4, PC, Switch, Xbox One",2018,https://www.youtube.com/watch?v=tvKDFK1e5Fs
417,VGM #0417,Super Mario Sunshine,Secret Course,Koji Kondo,GameCube,2002,https://www.youtube.com/watch?v=NaXb5md0xv4
418,VGM #0418,Cuphead,Botanic Panic,Kristofer Maddigan,"PC, Xbox One, Switch, PS4",2017,https://www.youtube.com/watch?v=1DlvfZgUT-4
419,VGM #0419,Super Smash Bros. for 3DS / Wii U,Jogging / Countdown,Kumi Tanioka,"3DS, Wii U",2014,https://www.youtube.com/watch?v=QYScIWXPdqA
420,VGM #0420,Deemo,Wings of Piano,V.K,"Mobile, PSVita, Switch",2013,https://www.youtube.com/watch?v=kHpciECENec
421,VGM #0421,Super Meat Boy,Can O' Salt (Ch 3 Light World),Danny Baranowsky,"PC, Xbox 360",2010,https://www.youtube.com/watch?v=trsURU5gH8U
422,VGM #0422,Mario Kart 8 Deluxe,Sydney Sprint (Tour),,Switch,2022,https://www.youtube.com/watch?v=DTpC2vXcj3w
423,VGM #0423,Pokémon Gold / Silver / Crystal,Dark Cave / Slowpoke Well / Ice Path,Junichi Masuda,Game Boy Color,1999,https://www.youtube.com/watch?v=58p7OF9-_CU
424,,,,,,,
425,VGM #0425,"Cook, Serve, Delicious! 3?!",It's Dangerous to Go Alone,Jonathan Geer,"PC, Switch, PS4, Xbox One",2020,https://www.youtube.com/watch?v=D7pG8JzsTAE
426,VGM #0426,Skies of Arcadia,Little Jack,Yutaka Minobe,"Dreamcast, GameCube",2000,https://www.youtube.com/watch?v=2UcNKBjIZsQ
427,VGM #0427,Mighty Switch Force!,Caught Red Handed,Jake Kaufman,"3DS, Wii U, PC",2011,https://www.youtube.com/watch?v=WM2PB2_nvso
428,VGM #0428,Sonic Adventure,Red Hot Skull,Jun Senoue,"Dreamcast, GameCube, PC",1998,https://www.youtube.com/watch?v=eDotEESH2dc
429,VGM #0429,Pokémon Ranger,Entei Battle,Takuto Kitsuta and Kinta Sato,DS,2006,https://www.youtube.com/watch?v=Mp4HXqRm8aE
430,VGM #0430,League of Legends,"Gwen, the Hallowed Seamstress",Kole Hicks (Riot Music Team),PC,2021,https://www.youtube.com/watch?v=Qz1tcGWlyhQ
431,VGM #0431,Deltarune,Attack of the Killer Queen,"Toby Fox, Lena Raine and Marcy Nabors","PC, Switch, PS4",2021,https://www.youtube.com/watch?v=P0w3EKjIQcQ
432,VGM #0432,Fire Emblem: Awakening,You have power... like mine,Yuka Tsujiyoko,3DS,2012,https://www.youtube.com/watch?v=BkQJg_jh52E
433,VGM #0433,Mad Rat Dead,Breath of Forest,Kazuya Takasu,"Switch, PS4",2020,https://www.youtube.com/watch?v=1xqyPbnfSLU
434,VGM #0434,Donkey Kong Country Returns,Palm Tree Groove,Kenji Yamamoto,"Wii, 3DS",2010,https://www.youtube.com/watch?v=qFX0F9-efjU
435,VGM #0435,Ogre Tale,新宿 (Shinjuku),Takeshi Abo,PC,2020,https://www.youtube.com/watch?v=8mZq0pUUdbQ
436,VGM #0436,Paper Mario: The Origami King,Autumn Mountain,"Yoshito Sekigawa, Shoh Murakami, Yoshiaki Kimura, Hiroki Morishita & Fumihiro Isobe",Switch,2020,https://www.youtube.com/watch?v=e840UDMxjds
437,VGM #0437,Temtem,Dr. Hamijo,Damian Sanchez,"PC, Switch, PS5, Xbox S/X",2022,https://www.youtube.com/watch?v=pmVfR7YZF0M
438,VGM #0438,Ar nosurge: Ode to an Unborn Star,Class::XIO_PROCEED;,Akiko Shikata,"PS3, PS Vita",2014,https://www.youtube.com/watch?v=npgqi9a8t3c
439,VGM #0439,Super Smash Bros. Ultimate,Snake Man Stage,Yasuaki Fujita,Switch,2018,https://www.youtube.com/watch?v=xM2zJ4icpKk
440,VGM #0440,The End is Nigh,Retrograde,Ridiculon,"PC, Switch",2017,https://www.youtube.com/watch?v=gJ8mr9FODeA
441,VGM #0441,Fight Crab,Crab Pulsar (SuperNova mix),DEKU,"PC, Switch",2020,https://www.youtube.com/watch?v=KucIiK_p0Tk
442,VGM #0442,Warframe,For Narmer,Keith Power,"PC, PS4, PS5, Xbox One, Xbox S/X, Switch",2022,https://www.youtube.com/watch?v=ZSucMv5C1go
443,VGM #0443,Bayonetta 2,Noatun: The Cascade Foregrounds,Takayasu Sodeoka,Wii U,2014,https://www.youtube.com/watch?v=divQrQZggIk
444,VGM #0444,The Binding of Isaac: Afterbirth,Nativitate (Dead Womb),Ridiculon,"PC, Switch, PS5",2015,https://www.youtube.com/watch?v=Mdqjrk3mj20
445,VGM #0445,Mario + Rabbids Kingdom Battle,The Swamp Battle,Grant Kirkhope,Switch,2017,https://www.youtube.com/watch?v=A_yxidpPSZU
446,VGM #0446,The Hobbit,Battle of Lake-Town,Rod Abernethy and Dave Adams,"PC, GameCube, PS2, Xbox",2003,https://www.youtube.com/watch?v=B8wOBWJpLPY
447,VGM #0447,Pokémon Sun / Moon,Battle! (Battle Tree Boss),Hideaki Kuroda and Junichi Masuda,3DS,2016,https://www.youtube.com/watch?v=A-LmP1lEDQQ
448,VGM #0448,The Legend of Zelda: The Minish Cap,Minish Village,Mitsuhiko Takano,GBA,2004,https://www.youtube.com/watch?v=93AIPVe0PUk
449,VGM #0449,Hearthstone: Fractured in Alterac Valley,Gryphon Sky,Peter McConnell,"PC, Mobile",2021,https://www.youtube.com/watch?v=H6niyFeTw9g
450,VGM #0450,FTL: Faster Than Light,Rockmen (Battle),Ben Prunty,PC,2012,https://www.youtube.com/watch?v=H-2pHKBGA-8
451,VGM #0451,Kid Icarus: Uprising,In the Space-Pirate Ship,Noriyuki Iwadare,3DS,2012,https://www.youtube.com/watch?v=WFWdXPg8yHg
452,VGM #0452,Jotun,Jotun,Max LL,"PC, Wii U, PS4, Xbox One, Switch",2015,https://www.youtube.com/watch?v=z3gz9BxYLwU
453,VGM #0453,Castlevania: Symphony of the Night,Tower of Evil Mist,Michiru Yamane,PS1,1997,https://www.youtube.com/watch?v=xqw82eToRrs
454,,,,,,,
455,VGM #0455,One Step From Eden,Neverending Song: Violette's Theme,STEEL_PLUS,"PC, Switch, PS4, Xbox One",2020,https://www.youtube.com/watch?v=Ha4wk-S448g
456,VGM #0456,Jet Set Radio Future,Teknopathetic,Hideki Naganuma,Xbox,2002,https://www.youtube.com/watch?v=i4uTSgViHaU
457,VGM #0457,Borderlands 2,Fyrestone,Jesper Kyd,"PC, PS3, Xbox 360",2012,https://www.youtube.com/watch?v=MIiTDNKvHlQ
458,VGM #0458,Xenoblade Chronicles: Definitive Edition,The Fallen Land,"Manami Kiyota for Xenoblade Chronicles, 2010 (Wii)",Switch,2020,https://www.youtube.com/watch?v=czEIYFvMcpI
459,VGM #0459,Poly Bridge,Cruise Control,Adrian Talens,"PC, Mobile, Switch",2016,https://www.youtube.com/watch?v=iclXRMcVipw
460,VGM #0460,Lost Planet 2,Sub Theme,Marika Suzuki,"PS3, Xbox 360, PC",2010,https://www.youtube.com/watch?v=fSDhBNJjzTU
461,VGM #0461,Pokémon X / Y,Snowbelle City,Shota Kageyama,3DS,2013,https://www.youtube.com/watch?v=kX0RjrzR6N8
462,VGM #0462,Mages of Mystralia,Sky Temple ~ Avalanche,Antoine Vachon,"PC, PS4, Xbox One",2017,https://www.youtube.com/watch?v=ksw3SS2OweU
463,VGM #0463,Super Mario 64,Snow Mountain,Koji Kondo,N64,1996,https://www.youtube.com/watch?v=9ZmxNd8DY7U
464,VGM #0464,Kirby's Return to Dream Land Deluxe,Freezing Temple,Jun Ishikawa,Switch,2023,https://www.youtube.com/watch?v=WQQOrz34wDo
465,VGM #0465,Ōkami,Orca's Theme,Rei Kondoh,"PS2, Wii",2006,https://www.youtube.com/watch?v=X0Nn_5L7Lg8
466,VGM #0466,Yoshi's Island,Underground,Koji Kondo,SNES,1995,https://www.youtube.com/watch?v=A0yO6qDi8GQ
467,VGM #0467,Trackmania,Vegas Grease,Ramova,PC,2020,https://www.youtube.com/watch?v=U7IvBxZI1dk
468,VGM #0468,Pokémon Black / White,Nimbasa City,Shota Kageyama,DS,2010,https://www.youtube.com/watch?v=cdlAEDLniaY
469,VGM #0469,Omega Strikers,Shield Sister (Asher's Theme),Garrett Williamson,"PC, Switch, PS5, Xbox S/X, Mobile",2023,https://www.youtube.com/watch?v=0rd-T0xPVM4
470,VGM #0470,Minecraft: Glide Mini Game,Departures (Map 7),Gareth Coker,"Xbox One, PS4, Switch",2017,https://www.youtube.com/watch?v=R8mAOvpIY58
471,VGM #0471,Super Smash Bros. Brawl,Mute City,Yumiko Kanki,Wii,2008,https://www.youtube.com/watch?v=wZ8dDHdGxiE
472,VGM #0472,Genshin Impact,Dawn Winery Theme,Yu-Peng Chen,"PC, Mobile, PS4, PS5",2020,https://www.youtube.com/watch?v=ZGKwEwYvTAs
473,VGM #0473,Card City Nights 2,Captain's Room,.Haku (Mattias Hakulinen),"PC, Mobile",2017,https://www.youtube.com/watch?v=AhS4JRWIl-8
474,VGM #0474,Fire Emblem Engage,Good Company in Brodia,"Yasuhisa Baba, Kazuki Komai, Hiroki Morishita, Takeru Kanazaki, Fumihiro Isobe, Takafumi Wada",Switch,2023,https://www.youtube.com/watch?v=E1btk1fcaPI
475,VGM #0475,Nuclear Throne,Legend of the Throne,Jukio Kallio,"PC, PS4, PS Vita",2015,https://www.youtube.com/watch?v=b4u5mOpnDO0
476,VGM #0476,Smite,Celtic Theme,Chris Rickwood,"PC, Xbox One, PS4, Switch",2017,https://www.youtube.com/watch?v=rEkRwBDiZ1k
477,VGM #0477,Metal Gear Solid 3: Snake Eater,Old Metal Gear,Starry.K (Norihiko Hibino),PS2,2004,https://www.youtube.com/watch?v=FbTbMWoQ-Sg
478,VGM #0478,GUILTY GEAR -STRIVE-,The Town Inside Me,Daisuke Ishiwatari,"PC, Arcade, PS4, PS5, Xbox One, Xbox S/X",2022,https://www.youtube.com/watch?v=h_gjHdyngKU
479,VGM #0479,Pokémon Mystery Dungeon: Rescue Team DX,Pokémon Square,"Arata Iiyoshi, Atsuhiro Ishizuna for Pokémon Mystery Dungeon: Blue Rescue Team and Pokémon Mystery Dungeon: Red Rescue Team",Switch,2020,https://www.youtube.com/watch?v=8WMTNaH2UEM
480,VGM #0480,Cult of the Lamb,Kallamar,River Boy,"PC, Switch, PS4, PS5, Xbox One, Xbox S/X",2022,https://www.youtube.com/watch?v=IrifVaMIsdM
481,VGM #0481,The Legend of Zelda: Tears of the Kingdom,Water Temple (Phase 4),"Hajime Wakai, Manaka Kataoka, Maasa Miyoshi, Masato Ohashi, Tsukasa Usui",Switch,2023,https://www.youtube.com/watch?v=KoBDc3F2w2k
482,VGM #0482,Jetpack Joyride 2,Science Crew Assemble,"Cedar Jones, Ricardo Pujol",Apple Arcade,2021,https://www.youtube.com/watch?v=ZiTpusGb5Io
483,VGM #0483,Assassin's Creed Origins,Return of the Medjay,Sarah Schachner,"PC, PS4, Xbox One",2017,https://www.youtube.com/watch?v=OtrOCQdEaHQ
484,VGM #0484,Yu-Gi-Oh! Master Duel,Menu Theme #1,Yasunori Nishiki,"PC, Switch, Mobile, PS4, PS5, Xbox One, Xbox S/X",2022,https://www.youtube.com/watch?v=Src9_NjYduQ
485,VGM #0485,Xenoblade Chronicles X,Black tar (Skell Battle),Hiroyuki Sawano,Wii U,2015,https://www.youtube.com/watch?v=WQeHlpA3VOg
486,VGM #0486,OMORI,World's End Valentine,Pedro Silva,PC,2020,https://www.youtube.com/watch?v=A5Wddw4if20
487,VGM #0487,Professor Layton vs Phoenix Wright,Pursuit ~ Spell-breaker,Yasumasa Kitagawa,3DS,2012,https://www.youtube.com/watch?v=8ZQDcfHYOQU
488,VGM #0488,Hollow Knight,The Grimm Troupe,Christopher Larkin,"PC, Switch, PS4, Xbox One",2017,https://www.youtube.com/watch?v=krAdOh78XIw
489,VGM #0489,Superbrothers: Sword & Sworcery EP,Dark Flute,Jim Guthrie,"Mobile, PC, Switch",2011,https://www.youtube.com/watch?v=SlamK1mHzno
490,VGM #0490,Pokémon Diamond / Pearl / Platinum,Jubilife City (Night),Hitomi Sato,DS,2006,https://www.youtube.com/watch?v=DweUZ6Yi_d8
491,VGM #0491,Dead Cells: The Queen and the Sea,Beyond Reasoning (The Queen),"Yoann ""Valmont"" Laulan","PC, Switch, Xbox One, PS4",2022,https://www.youtube.com/watch?v=c995Ay_ltu8
492,VGM #0492,WildStar,Legend of the Blue Horizon (Story of Dorian Walker),Jeff Kurtenacker,PC,2014,https://www.youtube.com/watch?v=Fwv8_Vrgo04
493,VGM #0493,Everhood,The Final Battle,Cazok,"PC, Switch",2021,https://www.youtube.com/watch?v=2DZxlTVOlTY
494,VGM #0494,Super Mario Galaxy,Rosalina in the Observatory 3,Koji Kondo,Wii,2007,https://www.youtube.com/watch?v=KKFdy1tTIpU
495,VGM #0495,World of Warcraft: The Burning Crusade,Exodar,Derek Duke,PC,2007,https://www.youtube.com/watch?v=TuInCEyJBpA
496,VGM #0496,Fire Emblem: Path of Radiance,Greil Mercenaries,Yoshito Hirano,GameCube,2005,https://www.youtube.com/watch?v=aJCH7lfiJf0
497,VGM #0497,Dark Souls III,Epilogue,Yuka Kitamura,"PS4, Xbox One, PC",2016,https://www.youtube.com/watch?v=TVXPLPtGH4Q
498,VGM #0498,13 Sentinels: Aegis Rim,-{EDGE OF THE FUTURE},Hitoshi Sakimoto,"PS4, Switch",2019,https://www.youtube.com/watch?v=nueB6EkNNbM
499,VGM #0499,Super Smash Bros.,Staff Roll,Hirokazu Ando,N64,1999,https://www.youtube.com/watch?v=tvfRQENUzhA
500,VGM #0500,Rogue Legacy,Narwhal (Tower),Gordon McGladdery (A Shell in the Pit),"PC, PS3, PS4, Xbox One, Switch",2013,https://www.youtube.com/watch?v=sW3aNjh_6TU
501,VGM #0501,A Plague Tale: Requiem,A Plague Tale Requiem,Olivier Derivière,"PS5, PC, Xbox S/X, Switch",2022,https://www.youtube.com/watch?v=RDmeYCHz-S4
502,VGM #0502,Pokémon HeartGold / SoulSilver,Cherrygrove City,Junichi Masuda,DS,2009,https://www.youtube.com/watch?v=-EZu55F8gbE
503,VGM #0503,League of Legends,"Hwei, the Visionary",Ben Hicks,PC,2023,https://www.youtube.com/watch?v=DP8-kKqXDyE
504,VGM #0504,Donkey Kong Country,Life in the Mines,David Wise,SNES,1994,https://www.youtube.com/watch?v=fUZDxv6tsoQ
505,VGM #0505,Lovers in a Dangerous Spacetime,Launch Into Deep Space,Ryan Henwood,PC,2015,https://www.youtube.com/watch?v=HSxv2UxSj-Q
506,VGM #0506,Tekken 6,Yodeling in Meadow Hill (Hidden Retreat),Keiichi Okabe,"Arcade, PS3, Xbox 360, PSP, 3DS",2008,https://www.youtube.com/watch?v=hAZFpUygMkQ
507,VGM #0507,Splatoon 2: Octo Expansion,#14 crush,Ryo Nagamatsu,Switch,2018,https://www.youtube.com/watch?v=HLbFyr90YKY
508,VGM #0508,Minecraft,Mice on Venus,C418,"PC, Mobile, Xbox 360, Xbox One, PS3, PS4, Wii U, Switch",2011,https://www.youtube.com/watch?v=frZiGGhqRyU
509,VGM #0509,Cladun: This is an RPG,The Explosion,Yoh Ohyama,PSP,2010,https://www.youtube.com/watch?v=mJYMR-64Ih4
510,VGM #0510,Super Hexagon,Focus,Chipzel,"PC, Mobile",2012,https://www.youtube.com/watch?v=hKQwvjZ4S2k
511,VGM #0511,Super Mario Odyssey,Peronza Plaza,Shiho Fujii,Switch,2017,https://www.youtube.com/watch?v=i03ju9c4ehc
512,VGM #0512,30XX,Hollows (Echocave),Cityfires,"PC, Switch",2023,https://www.youtube.com/watch?v=emLTZ7oXvOQ
513,VGM #0513,Animal Crossing: New Leaf,Town Tree,"Kazumi Totaka, Manaka Kataoka and Atsuko Asahi",3DS,2012,https://www.youtube.com/watch?v=d6pHPwZUVcA
514,VGM #0514,Mega Man 3,Dr.Wily Stage 2,"Yasuaki Fujita, Harumi Fujita",NES,1990,https://www.youtube.com/watch?v=pwgkbcSRAKI
515,,,,,,,
516,VGM #0516,Fire Emblem Fates,Far Dawn (Storm),Rei Kondoh,3DS,2016,https://www.youtube.com/watch?v=0AcwF-YRMUU
517,VGM #0517,Full Metal Furies,Elis,Gordon McGladdery (A Shell in the Pit),"PC, Switch",2018,https://www.youtube.com/watch?v=H9tF4IVYQb0
518,VGM #0518,L.O.L.: Lack of Love,Transformation,Ryuichi Sakamoto,Dreamcast,2000,https://www.youtube.com/watch?v=9PxhoSAFt-w
519,VGM #0519,The Wolf Among Us,Little Mermaid,Jared Emerson-Johnson,"PC, PS3, X360, Mobile",2013,https://www.youtube.com/watch?v=znpqpRskLRw
520,VGM #0520,Pyre,Path to Glory,Darren Korb,"PC, PS4",2017,https://www.youtube.com/watch?v=O8kujf4NoEA
521,VGM #0521,Golden Sun: Dark Dawn,Passaj (Forgeless),Motoi Sakuraba,DS,2010,https://www.youtube.com/watch?v=Rmzvm4K2eD4
522,VGM #0522,The Legend of Zelda: The Wind Waker HD,Windfall Island,"Kenta Nagata, Hajime Wakai, Toru Minegishi and Koji Kondo",Wii U,2013,https://www.youtube.com/watch?v=1-MmDzyjMus
523,VGM #0523,A Hat in Time,The Windmill Peak,Pascal Michael Stiefel,"PC, PS4, Xbox One, Switch",2017,https://www.youtube.com/watch?v=Un6r1kscFLQ
524,VGM #0524,Mario + Rabbids Sparks of Hope,Paean to Palette Prime,Grant Kirkhope,Switch,2022,https://www.youtube.com/watch?v=6uljm_gJRAI
525,VGM #0525,Arknights,Stay Gold,Adam Gubman,Mobile,2020,https://www.youtube.com/watch?v=4yvBoakdoCU
526,,,,,,,
527,VGM #0527,Fez,Majesty,Disasterpeace,"Xbox 360, PC, PS4, Switch",2012,https://www.youtube.com/watch?v=IcVlUawmCkc
528,VGM #0528,Deemo,Out of Natura,Sound Souler,"Mobile, PSVita, Switch",2019,https://www.youtube.com/watch?v=1gnGmospeuQ
529,VGM #0529,Atelier Marie: The Alchemist of Salburg,Going to See a Rainbow,Daisuke Achiwa,"PS1, Saturn",1997,https://www.youtube.com/watch?v=yBCZw_PWsQo
530,VGM #0530,Undertale,Hopes And Dreams,Toby Fox,"PC, Switch, PS4, Xbox One",2015,https://www.youtube.com/watch?v=L3hUv3bKjTg
531,VGM #0531,REFLEC BEAT groovin'!!,打打打打打打打打打打 (Long Version),Hige Driver,Arcade,2014,https://www.youtube.com/watch?v=zj9iuRB3bMg
532,VGM #0532,Phoenix Wright: Ace Attorney,The Steel Samurai,Masakazu Sugimori,"GBA, DS",2001,https://www.youtube.com/watch?v=57HhKAc1Z3k
533,VGM #0533,Stick Fight: the Game,Stick It to the Man,Karl Flodin,"PC, Switch, Xbox One, PS4",2017,https://www.youtube.com/watch?v=TA042QPlxeE
534,VGM #0534,Street Fighter IV,Theme of Cammy,Syun Nishigaki,"Arcade, PS3, Xbox 360, PC",2008,https://www.youtube.com/watch?v=noo4NQA9dMM
535,VGM #0535,Rhythm Thief and the Emperor's Treasure,Throwdown with Napoleon,Tomoya Ohtani,3DS,2012,https://www.youtube.com/watch?v=A2HAL0aysoU
536,VGM #0536,Transistor,Paper Boats,Darren Korb,"PC, PS4",2014,https://www.youtube.com/watch?v=liFx5kFgXQ0
537,VGM #0537,Fire Emblem Heroes,Howling Gears,Hiroki Morishita,Mobile,2020,https://www.youtube.com/watch?v=-8Zu_QgGBnw
538,,,,,,,
539,VGM #0539,Mario Kart 7,Rock Rock Mountain,Kenta Nagata and Satomi Terui,3DS,2011,https://www.youtube.com/watch?v=dFhT53mKuqc
540,VGM #0540,Civilization VI,Brazil (The Industrial Era),Geoff Knorr and Phill Boucher,"PC, Mobile, Switch, PS4, Xbox One",2016,https://www.youtube.com/watch?v=HMI9SOjcXcc
541,VGM #0541,Rogue Legacy 2,Immortal Cain,"Gordon McGladdery (A Shell in the Pit), Judson Cowan (Tettix) and Grant Henry (Stemage)","PC, Xbox X/S, Switch, PS5",2022,https://www.youtube.com/watch?v=VFT4rWM5mdg
542,VGM #0542,Pokémon Red / Green / Blue / Yellow,Cycling,Junichi Masuda,Game Boy,1996,https://www.youtube.com/watch?v=V-96WhZpbG0
543,VGM #0543,Pokémon Trading Card Game,Normal Duel,Ichiro Shimakura,Game Boy Color,1998,https://www.youtube.com/watch?v=1MW_VwyzfuU
544,VGM #0544,Pokémon Gold / Silver / Crystal,Battle! (Champion),Junichi Masuda,Game Boy Color,1999,https://www.youtube.com/watch?v=PepBB_zffHw
545,VGM #0545,Pokémon Ruby / Sapphire / Emerald,Battle! (Team Aqua/Team Magma Leaders),Junichi Masuda,GBA,2002,https://www.youtube.com/watch?v=mzXW6oWLytc
546,VGM #0546,Pokémon Colosseum,Phenac City,Tsukasa Tawada,GameCube,2003,https://www.youtube.com/watch?v=Ka8IOXwihc4
547,VGM #0547,Pokémon FireRed / LeafGreen,Battle! (Trainer Battle),Junichi Masuda,GBA,2004,https://www.youtube.com/watch?v=eTiG4FpjPiU
548,VGM #0548,Pokémon Mystery Dungeon: Rescue Team DX,Great Canyon,"Arata Iiyoshi, Atsuhiro Ishizuna for Pokémon Mystery Dungeon: Blue Rescue Team and Pokémon Mystery Dungeon: Red Rescue Team",Switch,2020,https://www.youtube.com/watch?v=um0iRGuOVnw
549,VGM #0549,Pokémon Diamond / Pearl / Platinum,Route 210 (Day),Go Ichinose,DS,2006,https://www.youtube.com/watch?v=AwzSnnImw6c
550,VGM #0550,Pokémon Mystery Dungeon: Explorers of Time / Darkness / Sky,Dusk Forest,Keisuke Ito,DS,2007,https://www.youtube.com/watch?v=FCnoF67kVYg
551,VGM #0551,Pokémon Ranger: Shadows of Almia,Cargo Ship,"Takuto Kitsuta, Kinta Sato and Shinobu Amayake",DS,2008,https://www.youtube.com/watch?v=_I0nm_zsZp0
552,VGM #0552,Rocky Cave / Fiery Furnace / Eternal Tower,Pokémon Rumble,Miki Obata,Wii,2009,https://www.youtube.com/watch?v=uXHIrkfnrvQ
553,VGM #0553,Pokémon HeartGold / SoulSilver,Route 47,Hitomi Sato,DS,2009,https://www.youtube.com/watch?v=RhIEh7eEaD4
554,VGM #0554,Pokémon Black / White,Dragonspiral Tower,Shota Kageyama,DS,2010,https://www.youtube.com/watch?v=2ZWsRdczPoM
555,VGM #0555,Pokémon Black 2 / White 2,Battle! (Wild Pokémon),Junichi Masuda,DS,2012,https://www.youtube.com/watch?v=rhGtk2H2Yo8
556,VGM #0556,Pokémon X / Y,Laverre City,Shota Kageyama,3DS,2013,https://www.youtube.com/watch?v=Pt4DLjdkUWA
557,VGM #0557,Pokémon Omega Ruby / Alpha Sapphire,The Lament of Falling Stars,Shota Kageyama,3DS,2014,https://www.youtube.com/watch?v=_2GJmgfmmqo
558,VGM #0558,Pokémon Shuffle,Hard Stage,Tsukasa Tawada,"3DS, Mobile",2015,https://www.youtube.com/watch?v=Cj8uilWiL3E
559,VGM #0559,Pokkén Tournament,Regi Ruins,"Hiroki Hashimoto, Hiroyuki Kawada, Rio Hamamoto, Taku Inoue, Eriko Sakurai, Yoshinori Hirai, Takafumi Sato, Mitsuhiro Kitadani, Yu Sugimoto","Arcade, Wii U, Switch",2015,https://www.youtube.com/watch?v=UA3YU7KiAMY
560,VGM #0560,Pokémon Super Mystery Dungeon,Poliwrath River,"Keisuke Ito, Yasuhiro Kawagoe, Noriko Murakami",3DS,2015,https://www.youtube.com/watch?v=aQN0XukX_vg
561,VGM #0561,Pokémon Picross,Stage (Picross),Yuka Tsujiyoko,3DS,2015,https://www.youtube.com/watch?v=JV2Vnwe0uLg
562,VGM #0562,Pokémon Go,Walking (Night),Junichi Masuda,Mobile,2016,https://www.youtube.com/watch?v=ID01Hbhkd1w
563,VGM #0563,Pokémon Sun / Moon,Vast Poni Canyon,Hitomi Sato,3DS,2016,https://www.youtube.com/watch?v=5ryk6U4WRsY
564,VGM #0564,Pokémon Quest,Farside Fjord,"Teruo Taniguchi, Takahiro Eguchi, Fumihisa Tanaka, Shinji Hosoe","Switch, Mobile",2018,https://www.youtube.com/watch?v=eP0fKMrMdRo
565,VGM #0565,"Pokémon Let's Go, Pikachu / Eevee !",Final Battle! (Rival),Junichi Masuda,Switch,2018,https://www.youtube.com/watch?v=_uQKG628_PE
566,VGM #0566,Pokémon Masters,Pokémon Center,"Shota Kageyama, Haruki Yamada",Mobile,2019,https://www.youtube.com/watch?v=m_CQGva-w-Q
567,VGM #0567,Pokémon Sword / Shield,Decisive Battle! (Eternatus),Go Ichinose,Switch,2019,https://www.youtube.com/watch?v=tKDUP5k5ZA4
568,VGM #0568,Pokémon Brilliant Diamond / Shining Pearl,Route 205 (Night),Hitomi Sato,Switch,2021,https://www.youtube.com/watch?v=8SOqV5XqJRo
569,VGM #0569,Pokémon Legends: Arceus,Ancient Retreat,Hitomi Sato,Switch,2022,https://www.youtube.com/watch?v=LUEHiq-5PJA
570,VGM #0570,Pokémon Scarlet / Violet,Cascarrafa,Hitomi Sato,Switch,2022,https://www.youtube.com/watch?v=9fyrtj8g2Zw
571,VGM #0571,Pokémon Scarlet / Violet: The Indigo Disk - Battle! (Terapagos,Stellar),"Rei Murayama, Toby Fox and Go Ichinose",Switch,2023,https://www.youtube.com/watch?v=LPkwn3oHqoY
572,VGM #0572,Super Smash Bros. Melee,Menu 1,Hirokazu Ando,GameCube,2001,https://www.youtube.com/watch?v=oRuPaFZYmNk
573,VGM #0573,Atelier Ayesha,Yesterday's Enemy is Today's Ingredient,Kazuki Yanagawa,"PS3, PS Vita",2012,https://www.youtube.com/watch?v=5vUjw_LO3No
574,VGM #0574,World of Warcraft: Mists of Pandaria,Way of the Monk,Neal Acree,PC,2012,https://www.youtube.com/watch?v=gfUd5NTm_WQ
575,VGM #0575,Mario Kart 8,Dolphin Shoals,Atsuko Asahi,"Wii U, Switch",2014,https://www.youtube.com/watch?v=ScMsYvY0dNo
576,,,,,,,
577,VGM #0577,ARMS,Buster Beach,"Atsuko Asahi, Yasuaki Iwata",Switch,2017,https://www.youtube.com/watch?v=ozW3KRPwDFY
578,VGM #0578,Etrian Odyssey III: The Drowned City - Tumult,Crest of a Violent Wave,Yuzo Koshiro,DS,2010,https://www.youtube.com/watch?v=fXouME6-TIo
579,VGM #0579,Super Mario Galaxy 2,Starshine Beach Galaxy,Mahito Yokota,Wii,2010,https://www.youtube.com/watch?v=Uy6j4M4nrVM
580,VGM #0580,Potion Craft,Alchemist's Tale,Pavel Lipski,"PC, Xbox X/S, Switch, PS4",2022,https://www.youtube.com/watch?v=MaXwCpKtAOs
581,VGM #0581,Fire Emblem Engage,Trial of the Genealogy (Free Us),Yuka Tsujiyoko,Switch,2023,https://www.youtube.com/watch?v=3JZlXMHY7TE
582,VGM #0582,Professor Layton and the Curious Village,Puzzles,Tomohito Nishiura,Nintendo DS,2007,https://www.youtube.com/watch?v=W-qeKchtv2k
583,VGM #0583,Guacamelee!,Boss Theme,Rom di Prisco,"PC, PS3, PSVita, PS4, Xbox One, Switch",2013,https://www.youtube.com/watch?v=7-viXV3hIdE
584,VGM #0584,Bayonetta 3,Queen Magick,Masahiro Aoki,Switch,2022,https://www.youtube.com/watch?v=b2MT_9Q91Dg
585,VGM #0585,Crypt of the NecroDancer,A Hot Mess (3-3 Hot),Danny Baranowsky,PC,2015,https://www.youtube.com/watch?v=mmMifqHQUmQ
586,VGM #0586,The Legend of Zelda: Skyward Sword,Earth Temple,Hajime Wakai,Wii,2011,https://www.youtube.com/watch?v=gzdfKddHJA0
587,VGM #0587,Dungeons of Aether,Scorching Path ~ Area 4,RESOFORCE (flashygoodness and Longinian),"PC, Switch, Mobile",2023,https://www.youtube.com/watch?v=dqlHPQ3BHiY
588,VGM #0588,Orcs Must Die! 2,Womantastic,Chris Rickwood,PC,2012,https://www.youtube.com/watch?v=3ZgimIiF8Vg
589,VGM #0589,Mother 3,Porky's Porkies,Shogo Sakai,GBA,2006,https://www.youtube.com/watch?v=0EBc1bWbGgE
590,VGM #0590,Gran Turismo 2,Blue Line [instrumental],Masahiro Andoh,PS1,1999,https://www.youtube.com/watch?v=ni8tV0ALo_U
591,VGM #0591,CrossCode,Shizuka,Deniz Akbulut,"PC, Switch, PS4, Xbox One",2018,https://www.youtube.com/watch?v=zgGYm9BJa6s
592,VGM #0592,The Witcher 3: Wild Hunt,Silver For Monsters...,Marcin Przybyłowicz and Percival Schuttenbach,"PS4, PC, Xbox One",2015,https://www.youtube.com/watch?v=qXDSbr6T1Lw
593,VGM #0593,Xenoblade Chronicles 2 - Mor Ardain,Roaming the Wastes -,Kenji Hiramatsu,Switch,2017,https://www.youtube.com/watch?v=dBUKT5k0WP8
594,VGM #0594,Trine 3: The Artifacts of Power,The Redwood Forest,Ari Pulkkinen,"PC, PS4, Switch",2015,https://www.youtube.com/watch?v=2I3S87pAMF0
595,VGM #0595,Chicory: A Colorful Tale,Supper Woods,Lena Raine,"PC, PS4, PS5, Switch",2021,https://www.youtube.com/watch?v=xxmohBYMwho
596,VGM #0596,New Pokémon Snap,Elsewhere Forest ~ Illumina Spot,Hiroki Hashimoto,Switch,2021,https://www.youtube.com/watch?v=s3U7STel7LE
597,VGM #0597,Shovel Knight: Plague of Shadows,Le Bouquet Magique,Jake Kaufman,"PC, Wii U, Switch, PS4, Xbox One",2015,https://www.youtube.com/watch?v=1IjppDqduNs
598,VGM #0598,Furi,My Only Chance,The Toxic Avenger,"PC, PS4, Xbox One",2016,https://www.youtube.com/watch?v=jAma4UmWFoQ
599,VGM #0599,Ōkami,"Reset ~ (""Thank You"" Version)",Hiroshi Yamaguchi,"PS2, Wii",2006,https://www.youtube.com/watch?v=OPvhr79ZzpA
600,,,,,,,
601,VGM #0601,The Legend of Zelda: Breath of the Wild,Main Theme,Manaka Kataoka,"Wii U, Switch",2017,https://www.youtube.com/watch?v=f_Dhn6dkL-I
602,VGM #0602,Ori and the Blind Forest,First Steps Into Sunken Glades,Gareth Coker,"PC, Xbox One",2015,https://www.youtube.com/watch?v=OQkrd0084jE
603,VGM #0603,Kid Icarus: Uprising,Reset Bomb Depot (Interior),Yuzo Koshiro,3DS,2012,https://www.youtube.com/watch?v=LNpVAvJIVII
604,VGM #0604,Temtem,Meadowdale,Damian Sanchez,"PC, Switch, PS5, Xbox S/X",2022,https://www.youtube.com/watch?v=QJfHkqkiKE4
605,VGM #0605,Cuphead: The Delicious Last Course,King of Games' Castle (Rococo),Kristofer Maddigan,"PC, Xbox One, Switch, PS4",2022,https://www.youtube.com/watch?v=Pu25VYdFKD4
606,,,,,,,
607,VGM #0607,Touch My Katamari,Katamari on the Funk (Takeshi Nakatsuka edit),Takeshi Nakatsuka,PS Vita,2011,https://www.youtube.com/watch?v=y6giJt8_oM8
608,VGM #0608,Fire Emblem Warriors: Three Hopes,Profound Ties that Bind,"Yosuke Kinoshita, Hiromu Akaba, Asami Mitake, Ayako Toyoda and Yuki Matsumura",Switch,2022,https://www.youtube.com/watch?v=2bUvhyK7GTs
609,VGM #0609,Super Mario Galaxy,Deep Dark Galaxy,Mahito Yokota,Wii,2007,https://www.youtube.com/watch?v=qxMNChlMmhE
610,VGM #0610,Alone in the Dark,Alone in the Dark,Philippe Vachey,"MS-DOS, PC-98",1992,https://www.youtube.com/watch?v=2aJMP_71K8Q
611,VGM #0611,OMORI,OMORI,Pedro Silva,PC,2020,https://www.youtube.com/watch?v=nKVJO2f1gk8
612,,,,,,,
613,VGM #0613,Hearthstone: Titans,Ulduar Interior,Peter McConnell,"PC, Mobile",2023,https://www.youtube.com/watch?v=ixNk8Yd8XzA
614,VGM #0614,Super Smash Bros. Ultimate,Cross Your Heart,Takeshi Kuramochi,,,https://www.youtube.com/watch?v=XuoKaqvd06o
615,VGM #0615,Arknights,Boiling Blood,Jason Walsh,Mobile,2019,https://www.youtube.com/watch?v=vgdIi-KDWu4
616,VGM #0616,Hotline Miami 2: Wrong Number,In The Face Of Evil,Magic Sword,"PC, PS3, PS4, PS Vita, Mobile",2015,https://www.youtube.com/watch?v=ZyIIx5Vsnpk
617,VGM #0617,Zelda II: The Adventure of Link,Dungeon Theme,Akito Nakatsuka,NES,1987,https://www.youtube.com/watch?v=UQovMhDOj20
618,VGM #0618,Neon White,The World to Come,Machine Girl,"PC, Switch",2022,https://www.youtube.com/watch?v=1sAvJBiwvDw
619,VGM #0619,Paper Mario: The Origami King,Shogun Studios,"Yoshito Sekigawa, Shoh Murakami, Yoshiaki Kimura, Hiroki Morishita & Fumihiro Isobe",Switch,2020,https://www.youtube.com/watch?v=xpOUPdOR1RY
620,VGM #0620,Persona 5,Last Surprise,Shoji Meguro,"PS3, PS4, Switch, PS5, PC, XB1, XSX",2016,https://www.youtube.com/watch?v=Yv3NVvlLgIM
621,VGM #0621,Pixelmon,Midnight,Chris Geddes,PC,2016,https://www.youtube.com/watch?v=j9zrXONpOR0
622,VGM #0622,River City Girls 2,Primo,Megan McDuffee,,,https://www.youtube.com/watch?v=-dnCjEFOMKs
623,VGM #0623,League of Legends,Kinetic,The Crystal Method and Dada Life,PC,2015,https://www.youtube.com/watch?v=Z7CgHIVa-hg
624,VGM #0624,Hollow Knight,Soul Sanctum,Christopher Larkin,"PC, Switch, PS4, Xbox One",2017,https://www.youtube.com/watch?v=16T_CfbZmFI
625,VGM #0625,The Messenger,Harnessing the Wind (Howling Grotto),Rainbowdragoneyes,"PC, Switch",2018,https://www.youtube.com/watch?v=Z2T5fYW4id8
626,,,,,,,
627,VGM #0627,WarioWare: Get It Together!,Penny’s Song (Spanish Version),"Takeru Kanazaki, Yoshito Sekigawa, Shoh Murakami, Daichi Ishihara, Shingo Kataoka, Kanji Hirao, Genki Namura",Switch,2021,https://www.youtube.com/watch?v=h_8jfe3SMyk
628,VGM #0628,Immortals Fenyx Rising,Grove of Kleos,Gareth Coker,"PC, Switch, PS4, PS5, Xbox One, Xbox X/S",2020,https://www.youtube.com/watch?v=UrncGl7O3nA
629,VGM #0629,Super Smash Bros. Brawl,Butter Building,Hirokazu Ando,Wii,2008,https://www.youtube.com/watch?v=1aLKsfwGdnY
630,VGM #0630,Super Mario 3D World,Snowball Park,"Mahito Yokota, Toru Minegishi, Yasuaki Iwata, Koji Kondo","Wii U, Switch",2013,https://www.youtube.com/watch?v=VxGgPETqOSE
631,VGM #0631,Cadence of Hyrule,Frozen Grotto (Combat),Danny Baranowsky,Switch,2019,https://www.youtube.com/watch?v=NIHNqrrHfSs
632,VGM #0632,Donkey Kong Country: Tropical Freeze,Seashore War,David Wise,"Wii U, Switch",2014,https://www.youtube.com/watch?v=GOSuHOcYIfo
633,VGM #0633,Rogue Legacy 2,A Land of Rebels,Judson Cowan (Tettix),"PC, Xbox X/S, Switch, PS5",2022,https://www.youtube.com/watch?v=bVrf5IdDpcs
634,VGM #0634,Kirby and the Forgotten Land,Northeast Frost Street,Yuuta Ogasawara,Switch,2022,https://www.youtube.com/watch?v=lATEibnxdA0
635,VGM #0635,Pokémon Ruby / Sapphire / Emerald,Route 120,Go Ichinose and Morikazu Aoki,GBA,2002,https://www.youtube.com/watch?v=9hDbRUHSrP0
636,VGM #0636,It Takes Two,Dance Maker,Kristofer Eng and Gustaf Grefberg,"PC, PS4, PS5, Xbox One, Xbox S/X, Switch",2021,https://www.youtube.com/watch?v=icSg4qSnBqs
637,VGM #0637,Super Mario Bros. Wonder,Wonder Flower: Ninji Disco,"Koji Kondo, Shiho Fujii, Sayako Doi, Chisaki Shimazu",Switch,2023,https://www.youtube.com/watch?v=5IEv0fpP0-0
638,VGM #0638,Hearthstone: One Night in Karazhan,Medivh's 5th Boogie,Peter McConnell,"PC, Mobile",2016,https://www.youtube.com/watch?v=WBfhYA5hCZs
639,VGM #0639,Deltarune,BIG SHOT,Toby Fox,"PC, Switch, PS4",2021,https://www.youtube.com/watch?v=rMmnQqG8p1E
640,,,,,,,
641,,,,,,,
642,VGM #0642,TrackMania² Canyon,Canyon Track 4,Doo,PC,2011,https://www.youtube.com/watch?v=dwcxLRLjtYM
643,VGM #0643,Mad Rat Dead,Bowing Steps,Yoh Ohyama,"Switch, PS4",2021,https://www.youtube.com/watch?v=3ofs0-l-1-c
644,VGM #0644,The Binding of Isaac: Rebirth,Acceptance (You Died),Ridiculon,"PC, Switch, PS5",2014,https://www.youtube.com/watch?v=5aCetAX0PzQ
645,VGM #0645,Pocky & Rocky: Reshrined,The Forbidden Castle (Stage 7),Hiroyuki Iwatsuki,"Switch, PS4",2022,https://www.youtube.com/watch?v=-ep2cIsgZuY
646,VGM #0646,Super Mario 64,Bob-Omb Battlefield,Koji Kondo,N64,1996,https://www.youtube.com/watch?v=a_K6WRHS7Cg
647,VGM #0647,Magicka,Idle Browsing,Johan Lindgren,PC,2011,https://www.youtube.com/watch?v=M1yFmIhlbTI
648,VGM #0648,Monster Sanctuary,Alchemist Battle,Steven Melin,"Switch, PC, PS4, Xbox One",2020,https://www.youtube.com/watch?v=rqakU9FoBB0
649,VGM #0649,13 Sentinels: Aegis Rim,-(HISTIDINE)-,Yukinori Kikuchi,"PS4, Switch",2019,https://www.youtube.com/watch?v=hRMmseoQwQ0
650,VGM #0650,Atelier Shallie: Alchemists of the Dusk Sea,Octopunch,Kazuki Yanagawa,"PS3, PS Vita",2014,https://www.youtube.com/watch?v=vkczqX5far8
651,VGM #0651,Age of Mythology,Chocolate Outline,Stephen Rippy and Kevin McMullan,PC,2002,https://www.youtube.com/watch?v=Pn0wZukQEZo
652,VGM #0652,Into the Breach,Rusting Hulks,Ben Prunty,"PC, Switch",2018,https://www.youtube.com/watch?v=N1dr9M9u804
653,VGM #0653,Pokémon Scarlet / Violet: The Teal Mask,Kitakami,Minako Adachi,Switch,2023,https://www.youtube.com/watch?v=oXOJLnJzfhw
654,,,,,,,
655,VGM #0655,Unpacking,Infatuation,Jeff van Dyck,"PC, Switch, Xbox One, PS4, PS5, Mobile",2021,https://www.youtube.com/watch?v=L45RtFaJ6UY
656,VGM #0656,KartRider: Drift,Another Tomorrow,Kim Gahae,"PC, Mobile, PS4, Xbox One",2023,https://www.youtube.com/watch?v=QQw911dRX28
657,VGM #0657,Little Town Hero,Rising Waves,Toby Fox,"Switch, PS4, Xbox One, PC",2019,https://www.youtube.com/watch?v=ThOhtxS_2t0
658,VGM #0658,Genshin Impact,Liyue,Yu-Peng Chen,"PC, Mobile, PS4, PS5",2020,https://www.youtube.com/watch?v=p5HeNlXpyms
659,VGM #0659,Trine 2,Petrified Tree,Ari Pulkkinen,"PC, PS3, Xbox 360, Wii U",2011,https://www.youtube.com/watch?v=ZKi8fMs9_Dk
660,VGM #0660,Snakebird,Up Above,Carl Karjalainen,"Mobile, PC",2015,https://www.youtube.com/watch?v=vslFC7cCws4